,song_name,artist_name,popularity
0,Beds Are Burning,Midnight Oil,11
1,Angel,The Corrs,7
2,One,U2,26
3,Tom's Diner,Suzanne Vega,14
4,No Church in the Wild,Frank Ocean,8
5,Relight My Fire,Dan Hartman,8
6,Entertainer,Zayn Malik,5
7,Midnight Memories (song),One Direction,9
8,Let Me Be There,Olivia Newton-John,9
9,Baby I Love U!,Jennifer Lopez,12
10,Magic,Olivia Newton-John,5
11,Eat You Alive,Emigrate,5
12,All I Want,The Offspring,13
13,3,Britney Spears,31
14,Oh!,Girls' Generation,11
15,Are You with Me,Lost Frequencies,7
16,I See Fire,Ed Sheeran,24
17,Everytime,Britney Spears,23
18,Hunter of Stars,Sebalter,13
19,Avec le temps,Léo Ferré,6
20,Here We Go Again,Demi Lovato,11
21,"Ok, You're Right",50 Cent,7
22,Masterpiece,Madonna,18
23,Ghosts 'n' Stuff,deadmau5,7
24,'39,Queen,19
25,Fuerte,Nelly Furtado,7
26,Hour of the Wolf,Elnur Hüseynov,10
27,When the Children Cry,White Lion,7
28,Little Dark Age,MGMT,6
29,Geronimo,Aura Dione,7
30,Kruna,Nevena Božović,16
31,Private Investigations,Dire Straits,9
32,One Night's Anger,Herciana Matmuja,18
33,Defying Gravity,Kurt Hummel,6
34,Black Barbies,Nicki Minaj,5
35,Bad Blood,Kendrick Lamar,27
36,Bang Bang Bang,Selena Gomez & the Scene,9
37,These Dreams,Heart,8
38,Save the World,John Martin,10
39,Nothing's Gonna Change My Love for You,Glenn Medeiros,18
40,A Thousand Years,Christina Perri,11
41,Pourvu qu'elles soient douces,Mylène Farmer,5
42,People Come People Go,Chris Willis,8
43,When Christmas Comes,Mariah Carey,8
44,Heaven,Ayumi Hamasaki,10
45,Beauty and a Beat,Justin Bieber,17
46,Professional Griefers,deadmau5,7
47,Everlong,Foo Fighters,16
48,Breathe,Faith Hill,8
49,Stay the Night,Zedd,12
50,She's So Cold,The Rolling Stones,9
51,Hips Don't Lie,Wyclef Jean,25
52,Signs,Charlie Wilson,13
53,Grande amore,Il Volo,17
54,So What,P!nk,20
55,Have a Cigar,Pink Floyd,24
56,Do the Strand,Roxy Music,5
57,All Over the World,Electric Light Orchestra,8
58,Fabulous,Lucas Grabeel,7
59,Let's Wait Awhile,Janet Jackson,13
60,Chinese Rocks,The Heartbreakers,6
61,I Need You for Christmas,Inna,7
62,Almost Cut my Hair,"Crosby, Stills & Nash",5
63,Dr. Stein,Helloween,8
64,Come Home,OneRepublic,5
65,Fuck Them All,Mylène Farmer,8
66,Hero,Josey Scott,8
67,Cry to Me,Solomon Burke,6
68,Anywhere for You,Backstreet Boys,11
69,(You Drive Me) Crazy,Britney Spears,27
70,Business,Eminem,14
71,Just Breathe,Pearl Jam,7
72,Dear Bride (BtoB song),BtoB,5
73,Jealousy,Pet Shop Boys,6
74,Tell Me Why,Supermode,5
75,Fire,SHINee,6
76,Wind It Up,Gwen Stefani,15
77,Whistle,Flo Rida,18
78,Big Shit Poppin',T.I.,5
79,Where I Am,Anja Nissen,15
80,The Next Episode,Nate Dogg,17
81,Arthur's Theme (Best That You Can Do),Christopher Cross,12
82,Bad Reputation,Joan Jett,9
83,Blue Tango,KT Tunstall,6
84,If I Ain't Got You,Alicia Keys,15
85,Les derniers seront les premiers,Jean-Jacques Goldman,5
86,Don't Rush,Vince Gill,8
87,Always the Sun,The Stranglers,5
88,Under Pressure,David Bowie,34
89,Angel,Jill Johnson,6
90,Dior,Pop Smoke,7
91,This Time,Vaidas Baumila,8
92,Last Night,Sean Combs,5
93,Tandem,Vanessa Paradis,5
94,Next to Me,Emeli Sandé,8
95,Tomorrow Can Wait,DJ Tocadisco,6
96,Ritual,Rita Ora,11
97,Pieces,L'Arc-en-Ciel,6
98,Heaven for Everyone,The Cross,24
99,Under Pressure,Queen,34
100,Don’t Stop (Funkin’ 4 Jamaica),Mystikal,12
101,In Love with Myself,David Guetta,7
102,Rocket Queen,Guns N’ Roses,6
103,Quel cœur vas-tu briser?,Géraldine Gogly,5
104,Boyfriend,Ashlee Simpson,7
105,Video Games,Lana Del Rey,23
106,The World Tonight,Paul McCartney,7
107,My Mind & Me,Selena Gomez,6
108,Ghosts 'n' Stuff,Rob Swire,7
109,Breakout,Miley Cyrus,8
110,These Words,Natasha Bedingfield,8
111,Happy,Pharrell Williams,27
112,Azzurro,Adriano Celentano,8
113,Nathalie,Gilbert Bécaud,10
114,The Rose,Westlife,11
115,Blame It on the Rain,Milli Vanilli,6
116,Back in Black,AC/DC,19
117,Baby's Got a Temper,The Prodigy,8
118,Hold It Against Me,Britney Spears,41
119,S.A.G.A.P.O.,Michalis Rakintzis,6
120,Monkey Business,Skid Row,6
121,Breaking My Heart,Reiley,10
122,Candy,Robbie Williams,10
123,Too Late for Love,Def Leppard,7
124,Fools Gold/What the World Is Waiting For,The Stone Roses,7
125,No Promises,Demi Lovato,6
126,"Qué Será, Será",Doris Day,23
127,Samba de Janeiro,Bellini,6
128,Jestem,Magdalena Tul,14
129,My Way,Limp Bizkit,8
130,Miracle,Foo Fighters,5
131,We Could Be the Same,MaNga,20
132,Glow,Ella Henderson,9
133,Closer,The Corrs,5
134,Running on Air,Nathan Trent,16
135,Life,Haddaway,5
136,Wight Is Wight,Sandie Shaw,5
137,2 Hearts,Kylie Minogue,23
138,Our Last Summer,ABBA,8
139,All Bad,Justin Bieber,6
140,Friends,Scooter,8
141,You Win Again,Bee Gees,10
142,Shine,De Toppers,5
143,Lying from You,Linkin Park,22
144,Here for You,Maraaya,8
145,Knock You Down,Keri Hilson,9
146,Canção do Mar,Hélène Ségara,7
147,We Are the World 25 for Haiti,Céline Dion,24
148,Angel in Disguise,Brandy,6
149,Aphrodisiac,Eleftheria Eleftheriou,18
150,Fire,Bruce Springsteen,8
151,Say Goodbye,Chris Brown,8
152,Anytime You Need,Hayko,12
153,Island in the Sun,Weezer,11
154,It Takes Two,Kim Weston,5
155,Schrei nach Liebe,Die Ärzte,5
156,This Time,Monika Linkytė,8
157,Just the Way You Are,Carola Häggkvist,13
158,Maybellene,Chuck Berry,14
159,Trouble,Elvis Presley,7
160,Daddy Cool,Boney M.,14
161,Breakthru,Queen,26
162,Consideration,Rihanna,6
163,Defying Gravity,Rachel Berry,6
164,You Don't Know What to Do,Mariah Carey,9
165,I Know What You Did Last Summer,Shawn Mendes,11
166,One More Sleep,Leona Lewis,8
167,Butterflies and Hurricanes,Muse,14
168,Birds,Anouk,16
169,Never Let You Go,Justin Bieber,9
170,This Is How We Do,Riff Raff,20
171,Je te rends ton amour,Mylène Farmer,5
172,Long Distance,Brandy,7
173,Miss You Much,Janet Jackson,16
174,Sunny,Bobby Hebb,13
175,I Know What You Want,Flipmode Squad,14
176,The Good Life,Three Days Grace,5
177,Love in Vain,Robert Johnson,10
178,Chance no Junban,AKB48,10
179,Trouble,Leona Lewis,7
180,'Till I Collapse,Eminem,10
181,Beautiful Son,Hole,5
182,Maybe,Valentina Monetta,14
183,Guantanamera,The Sandpipers,30
184,Tired of Being Sorry,Nâdiya,8
185,Eyes Open,Taylor Swift,14
186,A Monster Like Me,Kjetil Mørland,15
187,We Are One (Ole Ola),Pitbull,15
188,Chain of Light,Anita Simoncini,8
189,Gorgeous,Taylor Swift,18
190,I Care,Beyoncé,9
191,Dinata,Eleftheria Arvanitaki,6
192,No Better,Lorde,7
193,You,Ten Sharp,7
194,Neon Lights,Demi Lovato,14
195,Black Widow,Iggy Azalea,16
196,Pamela,Toto,6
197,Hands Up,50 Cent,5
198,Why,4Minute,5
199,Radio,Lana Del Rey,5
200,Marina,Rocco Granata,9
201,Pour toi Arménie,Vanessa Paradis,6
202,Who's That Chick?,David Guetta,20
203,Crazy,Aerosmith,16
204,Wonderland,Teddy Sinclair,6
205,Beauty and a Beat,Nicki Minaj,17
206,"Everyday, Katyusha",AKB48,11
207,Bye Bye Baby,Madonna,17
208,One of These Nights,Eagles,9
209,Light It Up,Major Lazer,9
210,T.H.E. (The Hardest Ever),Mick Jagger,11
211,Friends,Aura Dione,6
212,Popcorn,Hot Butter,21
213,Once in a Lifetime,Eda-Ines Etti,7
214,Fancy,Iggy Azalea,16
215,Do You Really Want to Hurt Me,Culture Club,13
216,Ohio,"Crosby, Stills & Nash",9
217,Something About Us,Daft Punk,5
218,La Noche de Anoche,Rosalía,6
219,Où sont-elles passées,Romuald Figuier,5
220,Black Cat,Janet Jackson,12
221,Big River,Johnny Cash,6
222,Virus,Iron Maiden,13
223,Got 'til It's Gone,Janet Jackson,11
224,The First Cut Is the Deepest,Cat Stevens,12
225,I See the Light,Mandy Moore,8
226,Vaya con Dios,Anita O'Day,8
227,Woodstock,Iain Matthews,10
228,Summer in the City,The Lovin' Spoonful,13
229,Wanderlust,R.E.M.,5
230,SOS,Aloe Blacc,13
231,Rock That Body,Black Eyed Peas,11
232,Fall to Pieces,Avril Lavigne,12
233,Lose You to Love Me,Selena Gomez,17
234,Dominique,The Singing Nun,8
235,Tonight,Jay Sean,6
236,Crockett's Theme,Jan Hammer,8
237,Right Now,David Guetta,15
238,Miles Away,Madonna,26
239,All Summer Long,Kid Rock,5
240,Occidentali's Karma,Francesco Gabbani,20
241,Trust,Ayumi Hamasaki,10
242,Englishman in New York,Sting,21
243,Friends,Julia Michaels,11
244,Hands Up,Lloyd Banks,5
245,Falling in Love,2NE1,6
246,Non mi avete fatto niente,Ermal Meta,14
247,I Wanna Go Crazy,David Guetta,8
248,Smile,Scarface,5
249,Habits,Tove Lo,14
250,In Your Eyes,Inna,6
251,The Night,Valerie Dore,5
252,Till the World Ends,Nicki Minaj,41
253,"Me, Myself and I",Beyoncé,21
254,Last Night a D.J. Saved My Life,Indeep,10
255,Supremacy,Muse,14
256,Play,Jennifer Lopez,14
257,Circus,Britney Spears,29
258,Lady Writer,Dire Straits,13
259,It's Alright,East 17,5
260,Disco Love,The Saturdays,5
261,Karma,Alicia Keys,9
262,Nobody Knows Me,Madonna,11
263,Ghosttown,Madonna,19
264,Heart and Soul,Kelly Rowland,5
265,Forever,Chris Brown,12
266,Golden Boy,Nadav Guedj,13
267,When Love & Hate Collide,Def Leppard,7
268,Yūhi o Miteiru ka?,AKB48,11
269,Et s'il fallait le faire,Patricia Kaas,9
270,Adio,Knez,11
271,Underneath the Tree,Kelly Clarkson,7
272,LaserLight,Jessie J,7
273,Abracadabra,Steve Miller Band,8
274,"Sugar, Sugar",The Archies,13
275,Good Vibrations,The Beach Boys,27
276,Forever Young,Bob Dylan,12
277,Nothing's Gonna Stop Us Now,Jefferson Starship,13
278,Pour toi Arménie,Phil Barney,6
279,Girls / Girls / Boys,Panic! At The Disco,6
280,Family Man,Mike Oldfield,5
281,Save the World,Swedish House Mafia,10
282,We Made It,Louis Tomlinson,5
283,Koi ni koishite/Special morning day to you,Mai Kuraki,5
284,La mamma,Charles Aznavour,5
285,To nie ja!,Edyta Górniak,7
286,Last Friday Night (T.G.I.F.),Katy Perry,28
287,Dreams (Will Come Alive),2 Brothers on the 4th Floor,6
288,Bangarang,Sirah,9
289,And You and I,Yes,7
290,Alive,Pearl Jam,17
291,Believe in Me,Bonnie Tyler,17
292,Pump Up the Volume,MARRS,6
293,The Watcher,Dr. Dre,5
294,Dreams,The Game,5
295,Angel,Sanna Nielsen,6
296,Stardust,Lena Meyer-Landrut,8
297,I'm Gonna Be Alright,Jennifer Lopez,12
298,Endless Game,Arashi,5
299,Alive,P.O.D.,5
300,Real Life,Bon Jovi,6
301,Give Peace a Chance,Plastic Ono Band,29
302,Hold Me,Teddy Pendergrass,5
303,Hold Me,Whitney Houston,5
304,Make Believe,Toto,11
305,Don't Let Me Be the Last to Know,Britney Spears,25
306,Love Kills,Roberto Bellarosa,17
307,Monster,Arashi,7
308,Mižerja,Klapa Ensemble,14
309,Better Than You,Rita Ora,5
310,Stay,Tooji,15
311,Grace,Jeff Buckley,5
312,If I Had a Hammer,"Peter, Paul and Mary",14
313,Tears Are Not Enough,Northern Lights,5
314,Father Christmas,The Kinks,5
315,Lay Your Hands on Me,Bon Jovi,10
316,Duality,Slipknot,18
317,Pour toi Arménie,Rosy Armen,6
318,Vida minha,Filipa Sousa,11
319,Fly Like a Bird,Mariah Carey,11
320,Gravity,Pixie Lott,7
321,What the Hell,Avril Lavigne,29
322,Cocaine,Eric Clapton,16
323,Anywhere,Rita Ora,15
324,Standing in the Shadows of Love,Four Tops,5
325,Human,Rag'n'Bone Man,12
326,Poison Heart,Ramones,6
327,A Monster Like Me,Debrah Scarlett,15
328,Fifty-Sixty,Alizée,7
329,Shut Up and Dance,Walk the Moon,9
330,Animals,Maroon 5,14
331,Right by My Side,Chris Brown,12
332,Wishin' and Hopin',Dionne Warwick,7
333,Symphony of Destruction,Megadeth,17
334,Fragile,Namewee,6
335,Slow,Kylie Minogue,31
336,Innuendo,Queen,33
337,"Ella, elle l'a",France Gall,11
338,Time,Freddie Mercury,10
339,The Wrong Place,Hooverphonic,14
340,I Run to You,Lady A,6
341,Atomic,Blondie,11
342,Violent Thing,Ben Dolic,11
343,Hijo de la Luna,Mecano,11
344,Ice Cream,Selena Gomez,19
345,Why I Love You,Kanye West,6
346,All for Love,Bryan Adams,14
347,The Next Episode,Kurupt,17
348,Moonlight Drive,The Doors,10
349,The Anthem,Good Charlotte,9
350,On Top of the World,Imagine Dragons,12
351,Johnny B,The Hooters,5
352,Wonderful Life,Black,12
353,Heart Attack,Demi Lovato,17
354,You've Changed,Sia,5
355,Marvin Gaye,Meghan Trainor,11
356,Why I Love You,Jay-Z,6
357,"No Woman, No Cry",The Wailers,24
358,Down,Jay Sean,13
359,Never Say Die,Black Sabbath,7
360,Wish,Nine Inch Nails,10
361,Who Wants to Live Forever,Queen,29
362,Boys,Britney Spears,22
363,Alone,I-Ten,12
364,Tomorrow,Kiss,8
365,Otis,Kanye West,8
366,Naatu Naatu,Rahul Sipligunj,16
367,12 Byō,HKT48,7
368,Boys,Pharrell Williams,22
369,Slipping Away,Moby,5
370,My Life,Eminem,9
371,Say My Name,Bebe Rexha,10
372,Surface Pressure,Jessica Darrow,6
373,Lucky,Britney Spears,26
374,Feel the love / Merry-go-round,Ayumi Hamasaki,6
375,World,Linda Halimi,19
376,Major Distribution,Snoop Dogg,6
377,Love Me,The 1975,5
378,Otis,Jay-Z,8
379,For You,Liam Payne,12
380,The Party's Over,Sandra Reemer,6
381,Beliye Rozy,Mikhail Shufutinsky,6
382,Seishun Dokei,NGT48,5
383,Friends,Justin Bieber,11
384,Carmen,Lana Del Rey,8
385,I'm So Lonesome I Could Cry,Hank Williams,10
386,Petit bonhomme,Camillo Felgen,7
387,Päikese poole,Urban Symphony,5
388,Disconnect,MARINA,8
389,Straight Outta Compton,N.W.A.,7
390,Radioactive,MARINA,9
391,I Need Your Love,Calvin Harris,14
392,I Stand Alone,Godsmack,9
393,Friends,BloodPop,11
394,Stranded,Agnes Carlsson,6
395,Just Dance,Colby O'Donis,41
396,Fight for This Love,Cheryl,13
397,Born to Be Alive,Patrick Hernandez,7
398,Nobody's Perfect,Jessie J,12
399,On My Mind,Ellie Goulding,14
400,Criminal,Britney Spears,27
401,Love Me,Justin Bieber,14
402,Lovefool,The Cardigans,12
403,I Really Want to Stay at Your House,Rosa Walton,5
404,What If,Jason Derulo,6
405,My! My! Time Flies!,Enya,5
406,Suffocating Under Words of Sorrow (What Can I Do),Bullet For My Valentine,5
407,Calling All Girls,Queen,18
408,Lost in Love,Demis Roussos,6
409,Flower/Halloween,Sonic Youth,5
410,Ordinary World,Duran Duran,16
411,Al otro lado del río,Jorge Drexler,8
412,Live It Up,Era Istrefi,13
413,Bad Boys,Inner Circle,8
414,For You,Rita Ora,12
415,I Can Only Imagine,Susan Boyle,5
416,Face the Shadow,Genealogy,12
417,A Second to Midnight,Kylie Minogue,5
418,When Love Comes to Town,U2,12
419,Fuerte,Concha Buika,7
420,Traffic,Tiësto,6
421,Iiwake Maybe,AKB48,10
422,Carry Me in Your Dreams,Kejsi Tola,12
423,Whole World Is Watching,Within Temptation,6
424,I'll Stand by You,The Pretenders,15
425,Superman,R.E.M.,5
426,Frozen,Delain,6
427,Je cours,Stromae,5
428,Battle Cry,Imagine Dragons,8
429,Hollywood Tonight,Michael Jackson,25
430,Wish You Were Here,Rednex,6
431,Thumbs,Sabrina Carpenter,5
432,Really Don't Care,Demi Lovato,12
433,Halo,Beyoncé,34
434,Out from Under,Britney Spears,5
435,Sognu,Amaury Vassili,12
436,Human After All,Daft Punk,7
437,Drive (The Cars song),The Cars,14
438,Stop Draggin' My Heart Around,Stevie Nicks,8
439,Hanging On,Ellie Goulding,5
440,Imperija,Vlatko Lozanoski,7
441,Kimi wa Boku da,Atsuko Maeda,6
442,End of the Line,Traveling Wilburys,8
443,Never Too Far,Mariah Carey,12
444,Professional Griefers,Gerard Way,7
445,It Will Rain,Bruno Mars,14
446,Nay-dobrata,Andrea,5
447,Cola Song,Inna,8
448,The Middle,Jimmy Eat World,6
449,No Church in the Wild,Kanye West,8
450,Pop/Stars,(G)I-dle,11
451,Everyday,Buddy Holly,8
452,Bitch Lasagna,PewDiePie,8
453,Right There,Nicole uzan,7
454,Cannibal,Kesha,5
455,Redemption,Gackt,6
456,Poison,The Prodigy,8
457,Somebody to Love,Queen,39
458,"Me, Myself and Time",Demi Lovato,5
459,Transmission,Joy Division,6
460,Signs,Justin Timberlake,13
461,Come Along,Titiyo,5
462,Take Me Away,Avril Lavigne,11
463,911,D12,5
464,Bailando,Gente de Zona,19
465,Standing Still,Roman Lob,17
466,Fairytale,Eneda Tarifa,14
467,No Church in the Wild,Jay-Z,8
468,On oublie le reste,Kylie Minogue,5
469,Celebrity (IU song),IU,5
470,I Can Only Imagine,Chris Brown,12
471,Paris Latino,Bandolero,6
472,Love Never Felt So Good,Michael Jackson,21
473,Gettin' Over You,Chris Willis,17
474,The Kiss of Judas,Stratovarius,5
475,Into the West,Annie Lennox,18
476,Our Last Summer,A-Teens,8
477,Le Dernier qui a parlé...,Amina Annabi,6
478,"Crying, Waiting, Hoping",Buddy Holly,8
479,Sakura no Shiori,AKB48,10
480,A Pillow of Winds,Pink Floyd,13
481,Animals,Nickelback,8
482,Who's That Girl?,Eve,5
483,Con te partirò,Andrea Bocelli,25
484,No Reflection,Marilyn Manson,7
485,Play Hard,Akon,10
486,Everytime We Touch,Sebastian Ingrosso,7
487,My Love,T.I.,17
488,Play Hard,Ne-Yo,10
489,We Shall Dance,Demis Roussos,6
490,Eva,Nightwish,15
491,Runnin' (From tha Police),Stretch,5
492,Eaea,Blanca Paloma,14
493,Si j'avais au moins...,Mylène Farmer,7
494,Eviva España,Samantha,10
495,Push the Button,Sugababes,10
496,Sweetheart Like You,Bob Dylan,5
497,Help Yourself,Tom Jones,5
498,Born to Be Free,X Japan,8
499,Sing Like Me,Chris Brown,5
500,Kick Back Relax,Agnes Carlsson,5
501,If I Could Choose,Sean Dunphy,5
502,Banga Banga,Austin Mahone,5
503,En kväll i juni,Tre Profiler,5
504,I Thought I Lost You,John Travolta,8
505,S.O.S.,Stratovarius,7
506,Soon May the Wellerman Come,Nathan Evans,16
507,I'm Real,Jennifer Lopez,16
508,My Humps,Black Eyed Peas,15
509,Stronger,Britney Spears,25
510,Alla andra får varann,Siw Malmkvist,8
511,Twenty Eight,The Weeknd,5
512,Boyfriend,Big Time Rush,5
513,Hells Bells,AC/DC,21
514,I Should Be So Lucky,Kylie Minogue,24
515,Looking for Paradise,Alicia Keys,6
516,Like a Prayer,Susan Boyle,28
517,Rebel Rebel,David Bowie,15
518,Memories,Kid Cudi,15
519,Golden,Travie McCoy,6
520,Salvation,The Cranberries,7
521,All Good Things (Come to an End),Nelly Furtado,27
522,Sky,TVXQ,5
523,I Could Have Danced All Night,Julie Andrews,8
524,I'm with You,Avril Lavigne,27
525,Follow My Lead,Robin Thicke,7
526,Sanomi,Urban Trad,10
527,Flying Get,AKB48,12
528,Go Gentle,Robbie Williams,5
529,De la capăt,Voltaj,7
530,"On n'oublie jamais rien, on vit avec",Laura Pausini,5
531,Stand Up,Shawnna,7
532,Everytime We Touch,David Guetta,7
533,Where Them Girls At,David Guetta,19
534,Close,Nick Jonas,8
535,Baby,Luis Fonsi,9
536,Butterfly,Crazy Town,11
537,Into the New World,Girls' Generation,16
538,Sanctuary,Gabriella Cilmi,6
539,Move Your Body,Sia,15
540,Change,Tears for Fears,6
541,Ceremony,New Order,9
542,Poppin',Lil Wayne,7
543,Girl Gone Wild,Madonna,26
544,Scream,2NE1,8
545,El Perdón,Nicky Jam,9
546,Change,Yong Jun-hyung,11
547,Together,TVXQ,6
548,I Kissed a Girl,Katy Perry,34
549,Freedom,Paul McCartney,8
550,Let's Get Loud,Jennifer Lopez,21
551,Crossfire,Brandon Flowers,8
552,Changes,Faul & Wad Ad,6
553,Black Is Black,Los Bravos,10
554,Never Seen the Rain,Tones and I,6
555,Kentucky Rain,Elvis Presley,10
556,Capital Letters,Hailee Steinfeld,8
557,Touch Too Much,AC/DC,10
558,You Let Me Walk Alone,Michael Schulte,17
559,Oração,António Calvário,5
560,Stupid Little Things (Anastacia Song),Anastacia,6
561,Change,Hotel FM,10
562,Da Da Da,Trio,8
563,She Wolf,Sia,14
564,Hold On,50 Cent,6
565,The Ride,Rafał Brzozowski,14
566,Black Smoke,Ann Sophie,18
567,Dreams,High and Mighty Color,5
568,Electra,Dio,5
569,From the Bottom of My Broken Heart,Britney Spears,24
570,Gravity,Zlata Ognevich,17
571,Evil Eye,Franz Ferdinand,5
572,You Are the Music in Me,Ashley Tisdale,7
573,Zorbas,Mikis Theodorakis,8
574,What If,Kate Winslet,7
575,Something,Andrius Pojavis,16
576,Follia d'amore,Raphael Gualazzi,15
577,Remember I Told You,Anne-Marie,5
578,Madness,Muse,17
579,Perro Fiel,Shakira,8
580,The Bug,Dire Straits,5
581,Vamos a la Playa,Righeira,8
582,Invisible Sun,The Police,8
583,Mushanga,Toto,5
584,Dernière Danse,Indila,16
585,Fire Water Burn,Bloodhound Gang,6
586,Dark Paradise,Lana Del Rey,15
587,Kill the DJ,Green Day,14
588,Waka Waka (This Time for Africa),Freshlyground,37
589,Peace or Violence,Stromae,5
590,I'm Alive,Céline Dion,12
591,Goodbye,The Corrs,6
592,Everything,Michael Bublé,5
593,¿Qué voy a hacer sin ti?,Mikel Herzog,6
594,Way 2 Sexy,Young Thug,6
595,Raining Men,Rihanna,17
596,chAngE,Miwa,5
597,Beautiful Life,Ace of Base,15
598,Weight of the World,Evanescence,11
599,Black Beauty,Lana Del Rey,8
600,Here I Come,Fergie,7
601,Brothers in Arms,Dire Straits,17
602,King for a Day,Pierce the Veil,7
603,To Live & Die in L.A.,Tupac Shakur,6
604,The Acid Queen,The Who,7
605,A Small Victory (song),Faith No More,5
606,Best of You,Foo Fighters,15
607,Teenage Dream,Katy Perry,27
608,Shake Your Foundations,AC/DC,7
609,Walk On,U2,13
610,Skyscraper,Joseph Sraka,20
611,Ring-A-Ding Girl,Ronnie Carroll,7
612,À chaque pas,Jonatan Cerrada,7
613,The Last Time,Snow Patrol,16
614,Club Kung Fu,Vanilla Ninja,5
615,Jenny from the Block,Jennifer Lopez,20
616,Listen,Beyoncé,21
617,Hero,Chad Kroeger,8
618,Applause,Lady Gaga,35
619,Risingson,Massive Attack,6
620,Waka Waka (This Time for Africa),Shakira,37
621,Rest of My Life,Usher,7
622,Can't Get It Out of My Head,Electric Light Orchestra,8
623,Min kärlekssång till dig,Lasse Berghagen,5
624,Alone,Heart,12
625,Requiem,Alma,20
626,Tomorrow,Gianluca Bezzina,17
627,Save Me,Shinedown,5
628,Do It for Your Lover,Manel Navarro,15
629,Never Really Over,Katy Perry,18
630,Pali się,Tulia,15
631,I Only Want to Be with You,Luis Miguel,7
632,Right There,Ariana Grande,9
633,The Comet Song,Björk,5
634,Pioneer,Freddie,15
635,Afrodisiac,Brandy,5
636,La mamma,Corry Brokken,5
637,Uza,AKB48,10
638,Oceania,Björk,9
639,Hangar 18,Megadeth,13
640,Milionària,Rosalía,5
641,Old Man,Neil Young,10
642,Protection,Massive Attack,7
643,Keep the Faith,Tako Gachechiladze,14
644,Blue Jeans,Lana Del Rey,18
645,Tell Me Why,Genesis,7
646,"Hey Hey, My My (Into the Black)",Neil Young,14
647,The Game,Disturbed,6
648,Crazy in Love,Jay-Z,32
649,Sweeter Than Fiction,Taylor Swift,9
650,Raining Blood,Slayer,16
651,Wavin' Flag,K’naan Warsame,21
652,Master of Puppets,Metallica,29
653,Addicted to You,Audra Mae,11
654,Run,Amy Macdonald,8
655,Encore,Dr. Dre,12
656,White and Black Blues,Joëlle Ursull,5
657,All Night,Beyoncé,6
658,Leave My Kitten Alone,Little Willie John,9
659,Running to the Edge of the World,Marilyn Manson,6
660,Always Be My Baby,Mariah Carey,19
661,Marigold,Nirvana,7
662,T'en va pas,Elsa Lunghini,6
663,Go the Distance,Roger Bart,9
664,Born to Make You Happy,Britney Spears,26
665,Cave,Muse,20
666,Earth Angel,The Penguins,13
667,Send It On,Jonas Brothers,14
668,Drive,Incubus,7
669,Boyfriend,Snoop Dogg,5
670,Friends Will Be Friends,Queen,25
671,Made in the USA,Demi Lovato,11
672,Butterfly Fly Away,Billy Ray Cyrus,9
673,Disturbia,Rihanna,27
674,Stuck Inside a Cloud,George Harrison,7
675,Fire,The Crazy World of Arthur Brown,7
676,Die Young,Kesha,17
677,Blue Eyes Crying in the Rain,Willie Nelson,9
678,L.A. Woman,The Doors,16
679,Sweet Child o' Mine,Guns N’ Roses,30
680,A Moment Like This,Kelly Clarkson,15
681,Bae Bae,Big Bang,9
682,Namida Surprise!,AKB48,10
683,The Devil Cried,Black Sabbath,5
684,Give Me Something,David Guetta,7
685,Living for Love,Madonna,23
686,Crazy in Love,Beyoncé,32
687,Siva,The Smashing Pumpkins,9
688,Kernkraft 400,Zombie Nation,7
689,Made for Now,Daddy Yankee,6
690,Wars for Nothing,Boggie,11
691,Hold the Line,Toto,19
692,Crew Love,Drake,5
693,Angel,Massive Attack,9
694,Come as You Are,Geneviève Racette,29
695,Tom Sawyer,Rush,9
696,Bailando,Enrique Iglesias,19
697,Save Me,Queen,23
698,Perfect,Fairground Attraction,8
699,Canned Heat,Jamiroquai,7
700,I Only Want to Be with You,Dusty Springfield,7
701,The World Is Stone,Cyndi Lauper,5
702,Lotta Love,Nicolette Larson,8
703,Gotta Serve Somebody,Bob Dylan,9
704,You Still Touch Me,Sting,5
705,Kimi no Na wa Kibō,Nogizaka46,6
706,Runnin' (Dying to Live),Tupac Shakur,9
707,Milord,Édith Piaf,10
708,Only Love Can Break Your Heart,Neil Young,12
709,Fight Fire with Fire,Kansas,5
710,Pennyroyal Tea,Nirvana,19
711,Get It,Stevie Wonder,7
712,T.H.E. (The Hardest Ever),will.i.am,11
713,Hello Little Girl,The Fourmost,10
714,Lake of Fire,Meat Puppets,11
715,Piggy Bank,50 Cent,5
716,Instant Karma!,Plastic Ono Band,17
717,Hung Up,Madonna,29
718,I Wish,Stevie Wonder,8
719,Save the Population,Red Hot Chili Peppers,7
720,Vacation,G.R.L.,5
721,Hold On,Wilson Phillips,9
722,Wolf,EXO,10
723,So Long!,AKB48,10
724,Forever,Lil Wayne,12
725,Kitty Kat,Beyoncé,9
726,Yodel It!,Alex Florea,16
727,Around the World,Daft Punk,15
728,When It's Love,Van Halen,7
729,Toss It Up,Tupac Shakur,7
730,Flying the Flag,Scooch,5
731,Where Them Girls At,Nicki Minaj,19
732,Favorite Girl,Justin Bieber,12
733,Time of Our Lives,Pitbull,8
734,My Life,50 Cent,9
735,Rehab,Amy Winehouse,27
736,Les collines,Alizée,5
737,Elevation,U2,11
738,Million Years Ago,Adele,11
739,Pour toi Arménie,Salvatore Adamo,6
740,G.U.Y.,Lady Gaga,27
741,Music Sounds Better with You,Stardust,12
742,Hammer to Fall,Queen,25
743,Genie in a Bubble,Christina Aguilera,24
744,Breathe,Ina Wroldsen,6
745,Nothing But a Heartache,C. C. Catch,5
746,Reflektor,Arcade Fire,5
747,Summer '68,Pink Floyd,14
748,Stronger (What Doesn't Kill You),Kelly Clarkson,20
749,Moustache,Twin Twin,13
750,Do Somethin',Britney Spears,23
751,Kiss You,One Direction,13
752,I Seek/Daylight,Arashi,5
753,Will the Sun Rise?,Stratovarius,7
754,Beautiful,Mai Kuraki,8
755,Why,3T,12
756,Out of Time,Blur,8
757,Darla dirladada,Dalida,5
758,Love Comes to Everyone,George Harrison,6
759,Blonde,Alizée,6
760,When I'm Gone,Katy Perry,9
761,Die in Your Arms,Justin Bieber,13
762,The Last Amazing Grays,Sonata Arctica,6
763,Bitch I'm Madonna,Nicki Minaj,20
764,Party Rock Anthem,LMFAO,23
765,Barbra Streisand,Duck Sauce,12
766,Dreadlock Holiday,10cc,10
767,I Will Remember,Toto,5
768,Bonzo Goes to Bitburg,Ramones,8
769,Jump,Rihanna,10
770,Boom Boom Pow,Black Eyed Peas,25
771,Freedom,Rage Against the Machine,10
772,Bobby Brown,Frank Zappa,10
773,Moonlight Densetsu,Manish,5
774,Lay Me Down,Sam Smith,9
775,Skateaway,Dire Straits,10
776,Bebot,Black Eyed Peas,7
777,Let Me Love You,Lil Wayne,7
778,Irresistible,The Corrs,5
779,Love Runs Out,OneRepublic,9
780,Bad Boy,Cascada,6
781,California Blue,Roy Orbison,9
782,Judas,Lady Gaga,42
783,Million Dollar Baby,Ava Max,6
784,Awful,Hole,6
785,X,J Balvin,6
786,Make Me (Cry),Noah Cyrus,5
787,Guerrilla Radio,Rage Against the Machine,9
788,Chocolate Rain,Tay Zonday,6
789,When Love Comes to Town,B.B. King,12
790,Free Me,Sia,5
791,Runnin' (From tha Police),The Notorious B.I.G.,5
792,I Can't Get Enough,Benny Blanco,7
793,Love Is the Seventh Wave,Sting,6
794,Everytime We Touch,Steve Angello,7
795,Heroes,Conchita Wurst,6
796,Evacuate the Dancefloor,Cascada,14
797,Goodbye,Sanja Vučić,9
798,Im Wartesaal zum großen Glück,Walter Andreas Schwarz,15
799,Never Again,Kelly Clarkson,15
800,The Great Beyond,R.E.M.,7
801,It's Alright,Ricky Martin,6
802,Somethin' Bad,Carrie Underwood,6
803,Super Bass,Nicki Minaj,23
804,Aina mun pitää,Pertti Kurikan Nimipäivät,11
805,Wonderful Tonight,Eric Clapton,17
806,Baby When the Light,Cozi Costi,6
807,Jenny from the Block,Jadakiss,20
808,You Are the Music in Me,Vanessa Hudgens,7
809,Clocks,Coldplay,25
810,So Good,B.o.B,6
811,Not Ready to Make Nice,The Chicks,10
812,Look Away,Sebastian Rejman,17
813,Cheers (Drink to That),Rihanna,19
814,Evergreen (Love Theme from A Star Is Born),Carola Häggkvist,9
815,Back Off Boogaloo,Ringo Starr,8
816,You Don't Know My Name,Alicia Keys,10
817,J'en ai marre!,Alizée,11
818,Skyscraper,Demi Lovato,20
819,What Have You Done for Me Lately,Janet Jackson,14
820,Bangarang,Skrillex,9
821,I Know What You Want,Mariah Carey,14
822,Appelle mon numéro,Mylène Farmer,7
823,Born to Run,Bruce Springsteen,16
824,I treni di Tozeur,Alice,10
825,Money,Moné,7
826,Ribs,Lorde,6
827,Bad Girl,Avril Lavigne,5
828,Like This,Kelly Rowland,7
829,Welcome to St. Tropez,Timati,7
830,Night of the Living Dead,Misfits,7
831,Musik,Marianne Mendt,6
832,I Thought I Lost You,Miley Cyrus,8
833,I Don't Want to Miss a Thing,Aerosmith,20
834,Put It There,Paul McCartney,5
835,Popcorn,Gershon Kingsley,21
836,You Don't Know Me,Raye,12
837,"(Shake, Shake, Shake) Shake Your Booty",KC and the Sunshine Band,10
838,Mother Earth,Within Temptation,10
839,Gypsy,Fleetwood Mac,9
840,Without Me,Eminem,22
841,Redonne-moi,Mylène Farmer,5
842,Live For,The Weeknd,5
843,Take Me Home,Cher,8
844,Liberty Walk,Miley Cyrus,6
845,Shot at the Night,The Killers,6
846,Real and True,Future,6
847,One Thing I Should Have Done,Yannis Karagiannis,6
848,Someday (I Will Understand),Britney Spears,25
849,J'attendais,Céline Dion,5
850,Sacrifice,Elton John,13
851,With a Child's Heart,Michael Jackson,15
852,Aïcha,Khaled,9
853,Scheiße,Lady Gaga,13
854,Look at Me!,XXXTentacion,11
855,California Gurls,Katy Perry,31
856,Break On Through,The Doors,26
857,Dream Glow,Charli XCX,5
858,You're a Woman,Bad Boys Blue,6
859,I Don't Wanna Live Forever,Zayn Malik,17
860,Suus,Rona Nishliu,21
861,Tik Tok,Kesha,28
862,The Watcher,Knoc-turn'al,5
863,Z no Chikai,Momoiro Clover Z,6
864,Roman Holiday,Nicki Minaj,7
865,Unintended,Muse,20
866,Gloria,U2,13
867,Happy Now,Zedd,6
868,Woodstock,The Assembled Multitude,10
869,Q.I,Mylène Farmer,7
870,Brokenhearted,Wanya Morris,7
871,Almost Doesn't Count,Brandy,6
872,Little Lies,Fleetwood Mac,8
873,Evolution,Korn,6
874,This Is How We Do,Katy Perry,20
875,Shame,Gary Barlow,11
876,Spoonful,Howlin' Wolf,11
877,I'm Free,The Rolling Stones,7
878,Best Friend,Brandy,7
879,You,Ayumi Hamasaki,10
880,Beast of Burden,The Rolling Stones,15
881,Pop/Stars,Jaira Burns,11
882,My Love Is Your Love,Whitney Houston,10
883,Lunar,David Guetta,7
884,Zooropa,U2,5
885,Ceo svet je moj,Bojana Stamenov,14
886,Who You Love,Katy Perry,12
887,Delilah,Tom Jones,18
888,Non mi avete fatto niente,Fabrizio Moro,14
889,Spinning Around,Kylie Minogue,28
890,Electric,Katy Perry,10
891,Come on a Cone,Nicki Minaj,6
892,Seamus,Pink Floyd,15
893,Pour toi Arménie,Serge Avédikian,6
894,Believe,Kele Okereke,6
895,Alive,Sia,14
896,"Baby Did a Bad, Bad Thing",Chris Isaak,7
897,Dance with You,Rishi Rich,5
898,Release,Justin Timberlake,6
899,10nen Sakura,AKB48,11
900,Complicated,Avril Lavigne,29
901,Can't Get Enough,Trey Songz,5
902,Where Them Girls At,Flo Rida,19
903,Show Me Love,t.A.T.u.,6
904,Give Me All Your Luvin',M.I.A.,28
905,"Try Some, Buy Some",Cher,7
906,Hard Times,Paramore,9
907,For Whom the Bell Tolls,Metallica,24
908,Désenchantée,Mylène Farmer,13
909,Bim bam toi,Carla Lazzari,5
910,You Raise Me Up,Celtic Woman,19
911,S'il suffisait d'aimer,Céline Dion,5
912,Don't Stop (Color on the Walls),Foster the People,9
913,Sittin' Up in My Room,Brandy,6
914,Start a Fire,Dilara Kazimova,14
915,I Wanna Go Crazy,will.i.am,8
916,Loving You (Michael Jackson song),Michael Jackson,8
917,How Ya Doin'?,Little Mix,7
918,Solsbury Hill,Peter Gabriel,13
919,Old Habits Die Hard,Mick Jagger,6
920,When You Dance I Can Really Love,Crazy Horse,5
921,Zero Gravity,Kerli,6
922,Digital Love,Daft Punk,9
923,One More Day,Eldrine,15
924,Sunburn,Muse,20
925,Out of Time,The Rolling Stones,10
926,Take It Off,Kesha,19
927,Live It Up,Pitbull,11
928,Stand Up,Mai Kuraki,6
929,Forever,Alekseev,15
930,Back Door Man,Howlin' Wolf,11
931,Wake Me Up,Avicii,28
932,Pressure,Nadia Ali,6
933,Thrift Shop,Wanz,21
934,All I Ask,Adele,6
935,Surrender,Cheap Trick,7
936,Express,Christina Aguilera,12
937,Little Bad Girl,David Guetta,9
938,Colours,Donovan,5
939,Otis,Otis Redding,8
940,Partners in Crime,Gerli Padar,7
941,Pour toi Arménie,Jane Birkin,6
942,Fire,U2,11
943,Happy Now,Elley Duhé,6
944,When Love Takes Over,David Guetta,14
945,Burning Heart,Survivor,9
946,Oh Happy Day,Susan Boyle,11
947,Perfect Life,Levina,17
948,Just the Way You Are,Billy Joel,13
949,Make It Right,BTS,9
950,Rest of My Life,Ludacris,7
951,Doesn't Really Matter,Janet Jackson,12
952,What Can I Do?,The Corrs,9
953,Mine,Taylor Swift,23
954,The World Is Mine,JD Davis,12
955,Wings,Ringo Starr,5
956,The Captain of Her Heart,Double,7
957,Sk8er Boi,Avril Lavigne,29
958,Don't Rush,Kelly Clarkson,8
959,Love Injected,Aminata Savadogo,12
960,Warrior,Nina Sublati,12
961,Area Codes,Ludacris,6
962,You Raise Me Up,Westlife,19
963,Sexy Bitch,Akon,19
964,Paradise (What About Us?),Within Temptation,8
965,Dans un autre monde,Céline Dion,6
966,Manatsu no Sounds Good!,AKB48,11
967,Hurt,Juice Newton,6
968,You Are the Music in Me,Zac Efron,7
969,Driving Home for Christmas,Sonja Aldén,12
970,Igranka,Nina Žižić,17
971,Maman a tort,Mylène Farmer,5
972,Space (Slavko Kalezić song),Slavko Kalezić,15
973,It's Over,Electric Light Orchestra,5
974,Wait and Bleed,Slipknot,17
975,Remember (Walking in the Sand),The Shangri-Las,9
976,Heaven,Depeche Mode,15
977,The Necromancer,Rush,5
978,Lilla stjärna,Alice Babs,12
979,Parlez-vous français?,Baccara,8
980,Toilet no Kamisama,Kana Uemura,8
981,Spet (Round and Round),Tinkara Kovač,14
982,From the D 2 the LBC,Snoop Dogg,5
983,We Are One,Wild Youth,10
984,Varjoon – suojaan,Fredi,6
985,Brigitte Bardot,Jorge Veiga,8
986,My Love,Paul McCartney,10
987,"Razom nas bahato, nas ne podolaty",GreenJolly,8
988,I Don't Care,Amerie,7
989,Party for Everybody,Buranovskiye Babushki,22
990,Cocaine,J.J. Cale,16
991,Wat een geluk,Rudi Carrell,8
992,The Look of Love,ABC,6
993,I Don't Care,2NE1,7
994,J'ai pas vingt ans,Alizée,9
995,Without You,Silverchair,5
996,I Am Your Leader,Nicki Minaj,8
997,I Love You,Yutaka Ozaki,5
998,There There,Radiohead,12
999,Wild Thing,The Troggs,14
1000,Rhythm Is a Dancer,Snap!,10
1001,Mask Off,Future,10
1002,A Different Corner,George Michael,9
1003,Gentleman,Psy,28
1004,Bitch I'm Madonna,Madonna,20
1005,Longview,Green Day,19
1006,Poem to a Horse,Shakira,9
1007,My Kind of Lady,Supertramp,7
1008,Shook Ones,Mobb Deep,7
1009,Days,The Kinks,7
1010,Mind Games,John Lennon,11
1011,What A Man Gotta Do,Jonas Brothers,9
1012,Love at First Feel,AC/DC,7
1013,Forever,Drake,12
1014,Victoria's Secret,Sonata Arctica,6
1015,Is It Scary,Michael Jackson,19
1016,I Gotta Feeling,Black Eyed Peas,20
1017,Wannabe,Spice Girls,25
1018,Promise,Ciara,9
1019,Uptown Funk,Mark Ronson,28
1020,Eagleheart,Stratovarius,8
1021,Just My Imagination (Running Away with Me),The Temptations,7
1022,...And Justice for All,Metallica,16
1023,Rock Ur Body,VIXX,5
1024,Defying Gravity,Lea Michele,6
1025,Goodbye,Spice Girls,11
1026,Sounds Like a Melody,Alphaville,11
1027,Dancing in My Head,Eric Turner,5
1028,Dark Horse,Katy Perry,26
1029,Hunter,Dido,13
1030,Nas Ne Dogonyat,t.A.T.u.,9
1031,The Needle and the Damage Done,Neil Young,10
1032,That's Amore,Dean Martin,10
1033,Ours,Taylor Swift,16
1034,Just Dance,Lady Gaga,41
1035,Il ragazzo della via Gluck,Adriano Celentano,9
1036,Close to Me,Swae Lee,12
1037,Bad Blood,Taylor Swift,27
1038,Another You,Mr. Probz,5
1039,I Don't Care,Ricky Martin,7
1040,Cornflake Girl,Tori Amos,10
1041,Heartbreaker,Justin Bieber,7
1042,London Bridge,Fergie,16
1043,Somewhere Out There,Susan Boyle,5
1044,Live It Up,Jennifer Lopez,11
1045,Down,Stone Temple Pilots,5
1046,Don’t Go Too Fast,Vanilla Ninja,6
1047,Same Girl,Jennifer Lopez,5
1048,Love Takes Time,Mariah Carey,19
1049,Cathy's Clown,The Everly Brothers,9
1050,Time of Our Lives,Ne-Yo,8
1051,Don't Break Me,Montaigne,11
1052,Power,Stormzy,8
1053,From Sarah with Love,Sarah Connor,11
1054,Close to Me,Ellie Goulding,12
1055,Thank You Very Much (Margaret song),Margaret,5
1056,Butterfly,Kumi Koda,7
1057,Hanging On,Active Child,5
1058,Headlong,Queen,28
1059,Sailing,Christopher Cross,10
1060,Da Funk,Daft Punk,12
1061,J'aimerais tellement,Jena Lee,6
1062,You Don't Bring Me Flowers,Barbra Streisand,10
1063,One More Time,Daft Punk,18
1064,Te Quiero,Stromae,6
1065,I Knew You Were Trouble,Taylor Swift,24
1066,Breathlessly,Claudia Faniello,13
1067,Brokenhearted,Brandy,7
1068,Russian Roulette,Rihanna,22
1069,Juicy,The Notorious B.I.G.,9
1070,Mony Mony,Tommy James & the Shondells,8
1071,Tomorrow,Silverchair,8
1072,Taken by a Stranger,Lena Meyer-Landrut,22
1073,Chinese Rocks,Ramones,6
1074,Jar of Hearts,Christina Perri,11
1075,Nothing New,Phoebe Bridgers,5
1076,Be My Lover,Inna,5
1077,What You Need,INXS,5
1078,Spectrum,Zedd,9
1079,The Last Time,Gary Lightbody,16
1080,Last One Standing,Skylar Grey,5
1081,What About Love,Austin Mahone,6
1082,More,Usher,7
1083,Invisible,U2,6
1084,I Am Your Leader,Cam'ron,8
1085,Before I Forget,Slipknot,19
1086,Love Love Love,Agnes Carlsson,6
1087,Did It On'em,Nicki Minaj,9
1088,Crosstown Traffic,The Jimi Hendrix Experience,9
1089,Put Your Head on My Shoulder,The Lettermen,9
1090,Vitalization,Nana Mizuki,5
1091,If It's Lovin' that You Want,Rihanna,23
1092,The Riff,Lordi,9
1093,The Way It Is,Bruce Hornsby,7
1094,The Zone,The Weeknd,6
1095,One Love,Estelle,10
1096,Bound 2,Kanye West,5
1097,I Can Only Imagine,Lil Wayne,12
1098,Down,Blink-182,6
1099,A Second to Midnight,Years & Years,5
1100,Wordy Rappinghood,Tom Tom Club,6
1101,Hurt,Elvis Presley,6
1102,Angel,Susan Boyle,6
1103,Back to You,Selena Gomez,10
1104,Zwei kleine Italiener,Cornelia Froboess,8
1105,And the Beat Goes On,The Whispers,6
1106,Photograph,Def Leppard,10
1107,Diet Mountain Dew,Lana Del Rey,5
1108,"Let Me Go, Rock 'n' Roll",Kiss,8
1109,Fire,Kasabian,6
1110,Adore You,Miley Cyrus,12
1111,Not Alone,Aram Mp3,21
1112,Dès que le printemps revient,Hugues Aufray,6
1113,Atlantis Is Calling,Modern Talking,16
1114,I Got You (I Feel Good),James Brown,16
1115,Love Is Lost,David Bowie,9
1116,Batdance,Prince,8
1117,Brown Sugar,The Rolling Stones,19
1118,Cotton Eye Joe,Rednex,10
1119,Fake Tales of San Francisco,Arctic Monkeys,8
1120,Come With Me Now,Kongos,5
1121,Vicinity of Obscenity,System of a Down,10
1122,Attica State,John Lennon,5
1123,Have a Little Faith in Me,John Hiatt,5
1124,Who Said,Miley Cyrus,5
1125,Overprotected,Britney Spears,22
1126,Toxic,Britney Spears,33
1127,Consideration,SZA,6
1128,Silent Storm,Carl Espen,11
1129,Dangerous,Cascada,12
1130,Shine,Natália Kelly,18
1131,X,Nicky Jam,6
1132,Touch Me,The Doors,22
1133,Angel,Akon,5
1134,Va Va Voom,Nicki Minaj,13
1135,I Need Your Love,Ellie Goulding,14
1136,Sextonik,Mylène Farmer,7
1137,Ōgoe Diamond,AKB48,10
1138,Canção do Mar,Amália Rodrigues,7
1139,Baby,MARINA,9
1140,Look Away,Darude,17
1141,Hey Mamma,SunStroke Project,18
1142,Under stjernerne på himlen,Tommy Seebach,8
1143,A Woman's Worth,Alicia Keys,11
1144,Hey You,Madonna,17
1145,Marvin Gaye,Charlie Puth,11
1146,Soldier of Love (Lay Down Your Arms),Arthur Alexander,7
1147,Mundian To Bach Ke,Panjabi MC,5
1148,Bad Habit,Steve Lacy,7
1149,Forgot About Dre,Dr. Dre,15
1150,Beijing Welcomes You,various artists,15
1151,Can't Fight the Moonlight,LeAnn Rimes,10
1152,Underdog,Alicia Keys,8
1153,Ridiculous Thoughts,The Cranberries,8
1154,I Can Only Imagine,David Guetta,12
1155,Day by Day,Big Bang,5
1156,Pressure,Paramore,13
1157,Oui mais... non,Mylène Farmer,7
1158,Nothing New,Taylor Swift,5
1159,Follow Me Down,Neon Hitch,5
1160,Dos Oruguitas,Sebastián Yatra,6
1161,Water of Love,Dire Straits,5
1162,My Love,Jess Glynne,7
1163,You and Your Friend,Dire Straits,7
1164,Vivo per lei,Giorgia,11
1165,Sometimes,Erasure,6
1166,The Waiting,Tom Petty and the Heartbreakers,5
1167,If Not for You,Bob Dylan,9
1168,Forever,Papa Roach,5
1169,Run This Town,Kanye West,20
1170,Drown,Bring Me the Horizon,7
1171,Du hast,Rammstein,26
1172,Escape,Enrique Iglesias,6
1173,Everytime We Touch,Chris Willis,7
1174,53rd & 3rd,Ramones,7
1175,Sangen om dig,Bjørn Tidmand,5
1176,Stop Draggin' My Heart Around,Tom Petty,8
1177,Angels,Robbie Williams,16
1178,Barbie Girl,Aqua,28
1179,Lose Control,Meduza,6
1180,I Feel for You,Prince,8
1181,After All,Cher,7
1182,Beautiful,Colby O'Donis,9
1183,Breakaway,Kelly Clarkson,21
1184,Happiness,Arashi,8
1185,I'm Alive,Elhaida Dani,14
1186,Baker Street,Gerry Rafferty,16
1187,Perfect,Simple Plan,11
1188,Ur So Gay,Katy Perry,19
1189,Dance in the Dark,Lady Gaga,27
1190,Christmas Time Is in the Air Again,Mariah Carey,5
1191,Cat Scratch Fever,Ted Nugent,6
1192,Under stjernerne på himlen,Rasmus Seebach,8
1193,Love,John Lennon,9
1194,Run This Town,Jay-Z,20
1195,Young Love,Janet Jackson,5
1196,The Battle of New Orleans,Johnny Horton,5
1197,Nothing in This World,Paris Hilton,12
1198,Runnin' Blue,The Doors,10
1199,Talk Me Down,Troye Sivan,9
1200,Attention,Ulrikke Brandstorp,9
1201,Red,Taylor Swift,21
1202,Viszlát nyár,AWS,12
1203,This Town,Niall Horan,10
1204,1984,David Bowie,8
1205,Caribbean Blue,Enya,13
1206,High,Knut Anders Sørum,5
1207,It's So Easy,Guns N’ Roses,16
1208,Blue Bayou,Piet Veerman,9
1209,Dirty Deeds Done Dirt Cheap,AC/DC,15
1210,Way 2 Sexy,Drake,6
1211,Right by My Side,Nicki Minaj,12
1212,I Wanna Be Down,Brandy,8
1213,The Show,Lenka,10
1214,All About That Bass,Meghan Trainor,21
1215,Scream,Timbaland,10
1216,B.Y.O.B.,System of a Down,24
1217,Hold On,Good Charlotte,5
1218,Waterline,Jedward,13
1219,You Belong with Me,Taylor Swift,27
1220,Run the World (Girls),Beyoncé,23
1221,Stranded (Haiti Mon Amour),Jay-Z,10
1222,Who You Are,Jessie J,8
1223,Don't Shut Me Down,ABBA,13
1224,Canção do Mar,Piet Veerman,7
1225,Black Rain,Soundgarden,7
1226,Wild Dances,Ruslana,24
1227,Down,Lil Wayne,13
1228,I'm Not Afraid to Move On,Jostein Hasselgård,7
1229,Patria y Vida,Descemer Bueno,6
1230,La Madrague,Brigitte Bardot,8
1231,Sweat,Snoop Dogg (What's My Name Pt. 2),13
1232,If I Could Turn Back the Hands of Time,R. Kelly,6
1233,The Logical Song,Supertramp,16
1234,Swamped,Lacuna Coil,6
1235,My First Night Without You,Cyndi Lauper,5
1236,Smile,Lily Allen,14
1237,Baby I,Ariana Grande,13
1238,Friends,Rock Mafia,6
1239,Come Out and Play,Billie Eilish,12
1240,You Know You're Right,Nirvana,20
1241,Love Don't Cost a Thing,Jennifer Lopez,20
1242,Step by Step,New Kids on the Block,7
1243,Remember,Disturbed,5
1244,Turn the Page,Bob Seger,13
1245,We Are the People,Empire of the Sun,8
1246,I'm Just Ken,Ryan Gosling,6
1247,Rockin' All Over the World,John Fogerty,9
1248,Shekarashika!,HKT48,6
1249,Let Me Live,Queen,19
1250,High Hopes,Kodaline,7
1251,Survival,Eminem,13
1252,All I Ask of You,Cliff Richard,6
1253,Du hast den schönsten Arsch der Welt,Alex Christensen,7
1254,Bringin' On the Heartbreak,Mariah Carey,12
1255,"10,000 Hours",Justin Bieber,12
1256,Believe,Nami Tamaki,5
1257,Big Time,Peter Gabriel,10
1258,I Still Miss Someone,Johnny Cash,6
1259,The Night,Scooter,5
1260,Blaze of Glory,Jon Bon Jovi,10
1261,Still D.R.E.,Dr. Dre,20
1262,Up in Flames,Coldplay,11
1263,Lose Control,Becky Hill,6
1264,On Every Street,Dire Straits,6
1265,One,Ed Sheeran,7
1266,I Can Transform Ya,Swizz Beatz,8
1267,Plastic Love,Mariya Takeuchi,12
1268,Cirice,Ghost,8
1269,The Way We Were,Carola Häggkvist,11
1270,The World Is Mine,David Guetta,12
1271,I Like,Keri Hilson,9
1272,Boyfriend,Justin Bieber,18
1273,Problem,Ariana Grande,20
1274,"Ne Ver', Ne Boysia",t.A.T.u.,12
1275,Fabulous,Ashley Tisdale,7
1276,The Greatest,Michelle Williams,6
1277,Melon Juice,HKT48,9
1278,I Can't Get Enough,Selena Gomez,7
1279,Real Love,Mary J. Blige,7
1280,Broken Wings,Mr. Mister,10
1281,Calcutta (Taxi Taxi Taxi),Jonny Jakobsen,5
1282,Mercy,OneRepublic,7
1283,First Love,Jennifer Lopez,12
1284,I Still Haven't Found What I'm Looking For,U2,21
1285,The Lion Sleeps Tonight,The Tokens,23
1286,Motivation,Sum 41,6
1287,À l'ombre,Mylène Farmer,5
1288,Hold On,Jonas Brothers,8
1289,Venus,Lady Gaga,20
1290,My Turn (Martina Bárta song),Martina Barta,14
1291,It's Gonna Be Me,NSYNC,9
1292,What the Water Gave Me,Florence + the Machine,5
1293,Allez Ola Olé,Jessy Matador,12
1294,When Love Takes Over,Kelly Rowland,14
1295,It's Hard out Here for a Pimp,Taraji P. Henson,8
1296,Gangsta Gangsta,N.W.A.,5
1297,Tonight Again,Guy Sebastian,17
1298,Ritual,Tiësto,11
1299,Hotel California,Eagles,43
1300,Swagger Jagger,Cher Lloyd,10
1301,Believe in Me,Lenny Kravitz,5
1302,Got 'til It's Gone,Joni Mitchell,11
1303,Instant Karma!,John Lennon,17
1304,I Can't Get Enough,Tainy,7
1305,Wiggle,Snoop Dogg,8
1306,Aesthetics of Hate,Machine Head,7
1307,Mirror Mirror,M2M,5
1308,Ti amo,Umberto Tozzi,6
1309,Sensual Seduction,Snoop Dogg,11
1310,Junge,Die Ärzte,5
1311,Lonely,Akon,13
1312,Poison,Nicole uzan,9
1313,Only Love Remains,Paul McCartney,6
1314,Vincent,Don McLean,20
1315,Don't Go Breaking My Heart,Backstreet Boys,5
1316,Catch Me If You Can (Girls' Generation song),Girls' Generation,11
1317,I Don't Care,Fat Joe,7
1318,Fanfare,Twice,5
1319,True Love,Richard Chamberlain,13
1320,Da Da Dam,Axel Ehnström,14
1321,End Game,Future,20
1322,Addicted to Love,Robert Palmer,13
1323,Labels or Love,Fergie,7
1324,A Little Bit Longer,Jonas Brothers,5
1325,Baby,Brandy,7
1326,Everything Has Changed,Ed Sheeran,23
1327,He Is,Brandy,7
1328,Dream On,Depeche Mode,15
1329,Love Story,Taylor Swift,29
1330,"Printemps, avril carillonne",Jean-Paul Mauric,5
1331,The Girl You Lost to Cocaine,Sia,5
1332,Without You,Usher,14
1333,S.O.S. (Let the Music Play),Jordin Sparks,5
1334,Solayoh,Alyona Lanskaya,16
1335,Happiness,Alexis Jordan,7
1336,Sugar,Natalia Gordienko,13
1337,Hyper Hyper,Scooter,12
1338,Love Me,Lil Wayne,6
1339,Both of Us,Taylor Swift,12
1340,Loaded,Ricky Martin,7
1341,Panorama,Nana Mizuki,6
1342,Aijā,Sudden Lights,13
1343,I Miss You,Miley Cyrus,8
1344,Lemon Incest,Charlotte Gainsbourg,8
1345,Marry You,Bruno Mars,18
1346,Let It Rock,Chuck Berry,5
1347,Eternity,VIXX,5
1348,Mambo No. 5,Pérez Prado,13
1349,Rhythm Inside,Loïc Nottet,17
1350,Elle me dit,Mika,8
1351,Broken,Seether,7
1352,Santé,Stromae,7
1353,Dégénération,Mylène Farmer,7
1354,She's Lost Control,Joy Division,9
1355,Industrial Disease,Dire Straits,5
1356,Tomorrow Can Wait,David Guetta,6
1357,See You Again,Carrie Underwood,5
1358,It Takes Two,Marvin Gaye,5
1359,I Can Only Imagine,MercyMe,5
1360,This Love,Angela Aki,5
1361,Cocoon,Björk,10
1362,Tom Pillibi,Jacqueline Boyer,19
1363,Tribute,Tenacious D,7
1364,No Hard Feelings,Bloodhound Gang,5
1365,Instruction,Demi Lovato,10
1366,Breathe,Jax Jones,6
1367,In God's Country,U2,11
1368,Silence,Sarah McLachlan,5
1369,Party,Beyoncé,11
1370,Formidable,Stromae,12
1371,S.O.S,Indila,5
1372,Freedom,Nicki Minaj,9
1373,Give Me All Your Luvin',Nicki Minaj,28
1374,Jealous,Nick Jonas,5
1375,Sealed with a Kiss,Bobby Vinton,13
1376,My Lucky Day,DoReDoS,11
1377,"What God Wants, Part 1",Roger Waters,6
1378,Fool's Overture,Supertramp,7
1379,AKA... What a Life!,Noel Gallagher's High Flying Birds,7
1380,Pressure Off,Duran Duran,5
1381,One Last Breath,Maria Elena Kyriakou,11
1382,Per sempre,Nina Zilli,5
1383,Calma,Dudu & Companyia,7
1384,Shades of Cool,Lana Del Rey,14
1385,Bingo!,AKB48,10
1386,Calma,Dudu Arnalot & Companyia,7
1387,Delirious,Tara McDonald,7
1388,Eye of the Needle,Sia,8
1389,Tonight,Def Leppard,5
1390,Apollo (Timebelle song),Timebelle,14
1391,Style,Taylor Swift,23
1392,Angel,Sarah McLachlan,6
1393,Man in Black,Johnny Cash,10
1394,Wig-Wam Bam,The Sweet,5
1395,Ninjya Re Bang Bang,Kyary Pamyu Pamyu,6
1396,The First Cut Is the Deepest,Sheryl Crow,12
1397,Shiawase no Hogoshoku,Nogizaka46,5
1398,Spirit of the Night,Valentina Monetta,11
1399,Problem,Iggy Azalea,20
1400,If I Didn't Have You,John Goodman,8
1401,Battery,Metallica,16
1402,Gettin' Over You,Fergie,17
1403,Wait Your Turn,Rihanna,18
1404,La Isla Bonita,Madonna,23
1405,This Love,Pantera,6
1406,"A Quick One, While He's Away",The Who,7
1407,Self Esteem,The Offspring,16
1408,M,Ayumi Hamasaki,10
1409,What Hurts the Most,Mark Wills,8
1410,Long Live,Taylor Swift,8
1411,What More Can I Give,Michael Jackson,18
1412,I Don't Want to Talk About It,Crazy Horse,6
1413,Beast of Burden,Bette Midler,15
1414,Working on the Highway,Bruce Springsteen,5
1415,Can't Get You Out of My Head,Kylie Minogue,35
1416,Avenir,Louane,7
1417,Save Me,Remy Zero,6
1418,Tired of Being Sorry,Enrique Iglesias,8
1419,Calma,Pedro Capó,7
1420,Amanecer,Edurne,12
1421,Little L,Jamiroquai,9
1422,Broken,Amy Lee,7
1423,In the Name of Love,Monika Kuszyńska,8
1424,The Miracle,Queen,20
1425,Hope Never Dies,Marta Jandová,8
1426,Luminous,ClariS,6
1427,The Baddest,K/DA,6
1428,Spiral,Arne Bendiksen,6
1429,On ne change pas,Céline Dion,5
1430,Kawa no Nagare no Yō ni,Hibari Misora,7
1431,Send It On,Disney's Friends for Change,14
1432,Not That Far Away,Jennette McCurdy,5
1433,Boom Boom,Emmy,15
1434,What I Go to School For,Busted,6
1435,Future Shock,Stratovarius,6
1436,Love Me Like You Do,Ellie Goulding,24
1437,Hollow,Alice in Chains,7
1438,Unconditionally,Katy Perry,23
1439,Ringa Linga,Taeyang,7
1440,Close,Tove Lo,8
1441,Crush,Mandy Moore,5
1442,Freed from Desire,Gala,12
1443,Say My Name,David Guetta,10
1444,Video Phone,Beyoncé,23
1445,All for You,Janet Jackson,17
1446,Midnight City,M83,12
1447,I Can't Quit You Baby,Otis Rush,13
1448,Do-Re-Mi,will.i.am,12
1449,Dorian Shōnen,NMB48,6
1450,Planetarium,Ai Otsuka,5
1451,Do the Bartman,Dan Castellaneta,16
1452,Take What You Want,Post Malone,8
1453,Can't Remember to Forget You,Rihanna,18
1454,Made in Heaven,Queen,18
1455,Follow Me,Amanda Lear,6
1456,Smile,Avril Lavigne,23
1457,Get On Your Boots,U2,12
1458,Only Lonely,Bon Jovi,9
1459,If You Love Somebody Set Them Free,Sting,8
1460,Crazy,Seal,14
1461,Cose della vita,Eros Ramazzotti,10
1462,First of the Year,Skrillex,8
1463,I Know What You Want,Busta Rhymes,14
1464,Pour toi Arménie,Animo,6
1465,Knock You Down,Kanye West,9
1466,Lift Off,Kanye West,8
1467,The Hardest Part Is the Night,Bon Jovi,6
1468,One Way Ticket,Eruption,15
1469,Thank You,Dido,15
1470,Lullaby,Nickelback,7
1471,It's What You Value,George Harrison,5
1472,My Love,Justin Timberlake,17
1473,See You in My Nightmares,Lil Wayne,5
1474,Lost in Love,Air Supply,6
1475,I Wan'na Be Like You,Louis Prima,7
1476,The Things That I Used to Do,Guitar Slim,6
1477,Every Day Is a Holiday,Katy Perry,8
1478,Criminal,Fiona Apple,6
1479,You and I,Lady Gaga,40
1480,You & I (One Direction song),One Direction,11
1481,Yodel It!,Ilinca,16
1482,La forza,Elina Netšajeva,12
1483,Lift Off,Jay-Z,8
1484,Cemetery Gates,Pantera,10
1485,Atmosphere,Joy Division,8
1486,Your Song,Rita Ora,10
1487,Peut-être toi,Mylène Farmer,5
1488,En kväll i juni,Lasse Berghagen,5
1489,Driving Home for Christmas,Chris Rea,12
1490,Prisoner,The Weeknd,6
1491,Mirrorcle World,Ayumi Hamasaki,11
1492,XO,Beyoncé,10
1493,Your Latest Trick,Dire Straits,13
1494,Dreaming Now!,Kumi Koda,5
1495,Bridges,Alika Milova,12
1496,Emotions,Mariah Carey,19
1497,Baby Don't Forget My Number,Milli Vanilli,5
1498,Stranger,Electric Light Orchestra,6
1499,L'Âme-stram-gram,Mylène Farmer,5
1500,Sunshine,Avicii,5
1501,Still D.R.E.,Snoop Dogg,20
1502,Don't Cry Daddy,Elvis Presley,8
1503,Acapella,Kelis,7
1504,Under the Ladder,Mélovin,14
1505,Outrageous,Britney Spears,22
1506,Près de ma rivière,Robert Cogoi,6
1507,Christmas Tree,Lady Gaga,18
1508,Lola Montez,Volbeat,5
1509,Right to Dream,Mariah Carey,7
1510,Play Hard,David Guetta,10
1511,Revolution,The Veronicas,5
1512,Lose Control,Goodboys,6
1513,My Way,Usher,6
1514,Money,David Guetta,7
1515,Ta fête,Stromae,8
1516,Angel,Aerosmith,9
1517,L-O-V-E,Nat King Cole,8
1518,My Friend,Jacques Houdek,17
1519,Isn't She Lovely?,Stevie Wonder,9
1520,Lift Off,Beyoncé,8
1521,Bounce,Calvin Harris,7
1522,Don't Think of Me,Dido,6
1523,Naatu Naatu,M. M. Keeravani,16
1524,Because of You,Gustaph,13
1525,Sekret,Ronela Hajati,15
1526,Burn,Usher,7
1527,World of Our Own,Westlife,10
1528,Run,Snow Patrol,18
1529,Let Me Love You,Ariana Grande,7
1530,Sail,Awolnation,5
1531,Dangerous,Kardinal Offishall,5
1532,Coming Home,Sigurjón's Friends,11
1533,Let the Good Times Roll,Ray Charles,7
1534,Time to Party,The Jet Set,5
1535,The First Cut Is the Deepest,Rod Stewart,12
1536,Happy Nation,Ace of Base,12
1537,Les derniers seront les premiers,Céline Dion,5
1538,The Beautiful People,Marilyn Manson,14
1539,Smack My Bitch Up,The Prodigy,17
1540,Addicted to You,Avicii,11
1541,No Reason,Sum 41,8
1542,New,Paul McCartney,7
1543,Tonight,David Bowie,7
1544,Still in Love with You,Electro Velvet,10
1545,Power,Little Mix,8
1546,Open Your Heart,Madonna,24
1547,Never Give Up on You,Lucie Jones,15
1548,Sound of Silence,Dami Im,23
1549,In the Air Tonight,Phil Collins,19
1550,I Can Transform Ya,Chris Brown,8
1551,Ya Soshla S Uma,t.A.T.u.,10
1552,All Around the World,Lisa Stansfield,11
1553,Heavy in Your Arms,Florence + the Machine,5
1554,Oasis,Gackt,5
1555,I Walk to My Own Song,Stratovarius,7
1556,Poppin',Juelz Santana,7
1557,You Shook Me,Muddy Waters,17
1558,Visionary Dream,Sopho Khalvashi,6
1559,I'm a Slave 4 U,Britney Spears,25
1560,Girl,Destiny's Child,9
1561,It's My Life,Dr. Alban,12
1562,Live Forever,Oasis,19
1563,Superstar,Matthew Santos,5
1564,Maniac Dance,Stratovarius,7
1565,Someone You Loved,Lewis Capaldi,14
1566,Grown-Up Christmas List,Sanna Nielsen,6
1567,Baby,Ashanti,6
1568,Tian Mi Mi,Teresa Teng,7
1569,Angel,Shaggy,7
1570,Stolen Dance,Milky Chance,9
1571,I Guess I Like It Like That,Kylie Minogue,9
1572,You Never Can Tell,Chuck Berry,14
1573,Calm After The Storm,The Common Linnets,17
1574,Hero,Skillet,6
1575,Best of My Love,Eagles,9
1576,Propuesta Indecente,Romeo Santos,5
1577,My Old School,Steely Dan,6
1578,Already Gone,Kelly Clarkson,15
1579,A Million Voices,Polina Gagarina,19
1580,Pills N Potions,Nicki Minaj,9
1581,Thunder Road,Bruce Springsteen,14
1582,Modern Day Delilah,Kiss,7
1583,Sakura no Ki ni Narō,AKB48,12
1584,Earth Song,Michael Jackson,39
1585,I'm Your Man,Wham!,10
1586,Roll It Gal,Alison Hinds,10
1587,Dangerous,Akon,5
1588,Runaway Baby,Bruno Mars,6
1589,Stop! In the Name of Love,The Supremes,7
1590,Anaconda,Nicki Minaj,19
1591,Maneater,Nelly Furtado,19
1592,Blue Bayou,Paola del Medico,9
1593,Give Me All Your Luvin',Madonna,28
1594,Que mon cœur lâche,Mylène Farmer,5
1595,Hearts Burst into Fire,Bullet For My Valentine,8
1596,Future World,Helloween,5
1597,Leave Me Alone,Hanna Pakarinen,6
1598,Storytime,Nightwish,15
1599,Sugar,Wynter Gordon,8
1600,The Ghost of You,My Chemical Romance,12
1601,Jubel,Klingande,9
1602,The Safety Dance,Men Without Hats,5
1603,La Noche de Anoche,Bad Bunny,6
1604,If I Didn't Have You,Billy Crystal,8
1605,Welcome to the Party,Pop Smoke,5
1606,When You're Gone,The Cranberries,7
1607,Wish You Were Here,Avril Lavigne,19
1608,Weekends,Black Eyed Peas,10
1609,You and Me,Joan Franka,11
1610,Te Amo,Rihanna,24
1611,Love Me,Drake,6
1612,Roman in Moscow,Nicki Minaj,8
1613,Butterfly,G-Dragon,5
1614,Silence,Delerium,5
1615,Dark Lady,Cher,10
1616,Sugar,Flo Rida,8
1617,Dance Tonight,Paul McCartney,7
1618,Wanderlust,Björk,8
1619,Échame la culpa,Demi Lovato,12
1620,Sunshine,David Guetta,5
1621,911,Gorillaz,5
1622,Father Time,Stratovarius,5
1623,Human,The Killers,17
1624,I'll Remember You,Kui Lee,5
1625,Eh Cumpari,Julius La Rosa,5
1626,I Don't Dance,Lucas Grabeel,5
1627,Achy Breaky Heart,Billy Ray Cyrus,8
1628,Close to Me,Diplo,12
1629,Wake Up,Eliot Vassamillet,16
1630,Losing My Religion,R.E.M.,28
1631,Heart,Pet Shop Boys,8
1632,Zorbas,Dalida,8
1633,That's My Girl,Fifth Harmony,7
1634,Scream,Keri Hilson,10
1635,Closer,Nine Inch Nails,13
1636,Do It like a Dude,Jessie J,16
1637,I've Been Waiting for You,Neil Young,6
1638,Ulysses,Franz Ferdinand,7
1639,Out of Control,The Chemical Brothers,5
1640,Best Song Ever,One Direction,16
1641,I Am Your Leader,Rick Ross,8
1642,Be My Baby,The Ronettes,17
1643,A Tout le Monde,Megadeth,15
1644,Nine Million Bicycles,Katie Melua,5
1645,Hold Me,Farid Mammadov,16
1646,I've Been Waiting for You,David Bowie,6
1647,Both of Us,B.o.B,12
1648,The One That Got Away,Katy Perry,25
1649,Walk Along,Trijntje Oosterhuis,13
1650,The First Cut Is the Deepest,Papa Dee,12
1651,Live It Up,Nicky Jam,13
1652,"Romance, Irane",AKB48,10
1653,Thinking of You,Katy Perry,19
1654,Igranka,Who See,17
1655,Sing for Absolution,Muse,17
1656,Everytime We Touch,Cascada,13
1657,You Rock My World,Michael Jackson,28
1658,Romeo and Juliet,Dire Straits,13
1659,Get Off of My Cloud,The Rolling Stones,15
1660,Step Inside Love,Cilla Black,9
1661,I Was Born to Love You,Queen,20
1662,"Baby, Baby",Nicole & Hugo,5
1663,Nine Lives,Aerosmith,7
1664,Part of Me,Katy Perry,23
1665,This Love,Taylor Swift,10
1666,Antes Muerta que Sencilla,María Isabel,6
1667,Girls,Jennifer Lopez,6
1668,I Can't Get Enough,J Balvin,7
1669,The Rose,Bette Midler,11
1670,"Voyage, voyage",Desireless,17
1671,Passion,Hikaru Utada,7
1672,Hot Love,T. Rex,9
1673,Out of Control,The Rolling Stones,8
1674,The Kids Are Coming,Tones and I,5
1675,Teenage Dream,Darren Criss,27
1676,Radio Nowhere,Bruce Springsteen,6
1677,La plus belle pour aller danser,Sylvie Vartan,5
1678,Stop!,Sam Brown,9
1679,Soulmate,Natasha Bedingfield,6
1680,Release,Timbaland,6
1681,Uptown Funk,Bruno Mars,28
1682,On oublie le reste,Jenifer,5
1683,Rain of Revolution,Fusedmarc,12
1684,Girl I'm Gonna Miss You,Milli Vanilli,5
1685,Last Night,Keyshia Cole,5
1686,Can't Get Enough,J. Cole,5
1687,Da vidna,VAL,10
1688,Blow,Kesha,19
1689,Anarchy in the U.K.,Sex Pistols,22
1690,Never Again,Nickelback,6
1691,Train Kept A-Rollin',Tiny Bradshaw,11
1692,C'est dans l'air,Mylène Farmer,5
1693,Don't Dream It's Over,Susan Boyle,10
1694,"Beautiful, Dirty, Rich",Lady Gaga,20
1695,Lotta Love,Neil Young,8
1696,Heaven,Warrant,6
1697,Eat You Alive,Limp Bizkit,5
1698,Who Is She 2 U,Brandy,5
1699,Fragile,Kimberley Chen,6
1700,Ugly,Sugababes,7
1701,Live It Up,Will Smith,13
1702,In Too Deep,Tijana Bogićević,13
1703,Dangerous,James Blunt,5
1704,Christmas Tree,Space Cowboy,18
1705,Yes We Can,will.i.am,11
1706,Lucky,Radiohead,13
1707,When the Sun Comes Down,R.I.O.,5
1708,Foreign Affair,Mike Oldfield,6
1709,Give Me Five!,AKB48,11
1710,Don't Say You Love Me,M2M,8
1711,Earned It,The Weeknd,12
1712,I evighet,Elisabeth Andreassen,6
1713,If Today Was Your Last Day,Nickelback,8
1714,The Lucky Ones,Kerli,6
1715,When You Dance I Can Really Love,Neil Young,5
1716,The New Wave,Daft Punk,7
1717,Bailando,Descemer Bueno,19
1718,Next to Me,Lea Michele,8
1719,T.H.E. (The Hardest Ever),Jennifer Lopez,11
1720,A Little Party Never Killed Nobody (All We Got),GoonRock,5
1721,Wight Is Wight,Michel Delpech,5
1722,Hit 'Em Up,Tupac Shakur,18
1723,Time,Izabo,13
1724,Angel,Mika Newton,13
1725,Landslide,Fleetwood Mac,8
1726,Turn Me On,David Guetta,18
1727,Raining Men,Nicki Minaj,17
1728,All by Myself,Eric Carmen,19
1729,Neva Have 2 Worry,Snoop Dogg,6
1730,Every Breath You Take,The Police,29
1731,Lemon Incest,Serge Gainsbourg,8
1732,It's Alright,M. Pokora,6
1733,I'm Like a Bird,Nelly Furtado,20
1734,Pilot,50 Cent,6
1735,Is It True?,Jóhanna Guðrún Jónsdóttir,16
1736,Canção do Mar,Dulce Pontes,7
1737,Girlfriend,Alicia Keys,10
1738,Lykken er,Hanne Krogh,7
1739,Another One Bites the Dust,Queen,37
1740,Calma,Farruko,7
1741,Je crois toi,Céline Dion,5
1742,Do the Bartman,Michael Jackson,16
1743,The Next Episode,Dr. Dre,17
1744,Breathe,Nickelback,7
1745,Rude Boy,Rihanna,27
1746,J'me tire,Gims,6
1747,(I've Had) The Time of My Life,Bill Medley,16
1748,Telstar,The Tornados,15
1749,Gourmandises,Alizée,10
1750,The Spark,Afrojack,6
1751,Scream,Nicole uzan,10
1752,I Really Don't Want to Know,Dolly Parton,5
1753,Stop Crying Your Heart Out,Oasis,14
1754,Baby,Ludacris,30
1755,Overdose,EXO,10
1756,XXL,Mylène Farmer,5
1757,Bad Romance,Lady Gaga,47
1758,Scandal,Queen,22
1759,Beliye Rozy,Laskoviy Mai,6
1760,Darlington County,Bruce Springsteen,5
1761,Bodysnatchers,Radiohead,9
1762,Today Was a Fairytale,Taylor Swift,17
1763,Remember I Told You,Nick Jonas,5
1764,What About My Dreams?,Kati Wolf,13
1765,Money for Nothing,Dire Straits,23
1766,Crazy,Willie Nelson,12
1767,Free,Rudimental,5
1768,True Love,Bing Crosby,13
1769,Runnin' (From tha Police),Tupac Shakur,5
1770,3 2 1,SHINee,7
1771,"Qélé, Qélé",Sirusho,15
1772,Karma,Black Eyed Peas,7
1773,Mr. Soul,Buffalo Springfield,7
1774,Emperor's New Clothes,Panic! At The Disco,6
1775,Instruction,Stefflon Don,10
1776,She's the One,Robbie Williams,9
1777,Patria y Vida,Yotuel Romero,6
1778,Call on Me,Eric Prydz,13
1779,Something Better,Softengine,10
1780,Suddenly I See,KT Tunstall,9
1781,On a Roll,Miley Cyrus,11
1782,All That She Wants,Ace of Base,18
1783,Du hast den schönsten Arsch der Welt,Yasmin K.,7
1784,Attica State,Yoko Ono,5
1785,Tunnel of Love,Dire Straits,8
1786,The First Cut Is the Deepest,P. P. Arnold,12
1787,Impossible,Shontelle,10
1788,Tangled Up in Me,Skye Sweetnam,5
1789,Statements,Loreen,5
1790,Money on My Mind,Sam Smith,10
1791,Bulletproof,La Roux,8
1792,Bitches Broken Hearts,Billie Eilish,7
1793,Piece of Me,Britney Spears,30
1794,Diamond Dogs,David Bowie,11
1795,"10,000 Hours",Dan + Shay,12
1796,Coming of Age (song),Foster the People,5
1797,Sometimes,Britney Spears,24
1798,I Love the Little Things,Matt Monro,6
1799,Should've Known Better,Soluna Samay,19
1800,Pour toi Arménie,Didier Barbelivien,6
1801,Just Another Girl,The Killers,5
1802,Disconnect,Clean Bandit,8
1803,Power to All Our Friends,Cliff Richard,11
1804,Forever,Aespa,10
1805,Miracle,Whitney Houston,7
1806,Bette Davis Eyes,Kim Carnes,18
1807,Club Can't Handle Me,David Guetta,15
1808,Brown Eyed Girl,Van Morrison,12
1809,He Is,Ghost,5
1810,Cambio Dolor,Natalia Oreiro,5
1811,Run This Town,Rihanna,20
1812,Butterfly,Mariah Carey,12
1813,Bee,Jennifer Braun,8
1814,You Don't Know Me,Jax Jones,12
1815,Bringin' On the Heartbreak,Def Leppard,12
1816,30 Minutes,t.A.T.u.,13
1817,All for Love,E.M.D.,14
1818,Stronger,Sugababes,7
1819,Hope Never Dies,Václav Noid Bárta,8
1820,Don't Stop,The Rolling Stones,7
1821,Hips Don't Lie,Shakira,25
1822,Mull of Kintyre,Susan Boyle,14
1823,Black Night,Stratovarius,5
1824,Story Of My Life (Lesley Roy song),Lesley Roy,10
1825,Take What You Want,Ozzy Osbourne,8
1826,Cliché Love Song,Basim,14
1827,Wiggle,Jason Derulo,8
1828,The Last Time,Taylor Swift,16
1829,Uninvited,Alanis Morissette,10
1830,Heartbeat,Kasey Smith,10
1831,I Am Yours,The Makemakes,9
1832,Chain of Light,Michele Perniola,8
1833,Illuminated,Hurts,6
1834,Fallen,Volbeat,7
1835,Miracle,Paula Seling,13
1836,Lambada,Kaoma,18
1837,Dreaming,Blondie,9
1838,N'oubliez pas,Lisa Angell,10
1839,Better Be Good to Me,Tina Turner,10
1840,Dame Tu Cosita,El Chombo,10
1841,Laugh Now Cry Later,Lil Durk,5
1842,Where Are You?,Imaani,7
1843,Libertine,Mylène Farmer,5
1844,Delirious,David Guetta,7
1845,Harlem Shake,Baauer,17
1846,Here's to Never Growing Up,Avril Lavigne,19
1847,Sirius,The Alan Parsons Project,7
1848,Stop Loving You,Toto,6
1849,Playing with Numbers,Molly Sterling,11
1850,ME!,Brendon Urie,22
1851,Boku Igai no Dareka,NMB48,5
1852,Becoming,Pantera,6
1853,An Me Thimase,Despina Olympiou,15
1854,1901,Phoenix,7
1855,Starships,Nicki Minaj,20
1856,Let Your Soul Be Your Pilot,Sting,5
1857,Pour toi Arménie,Patricia Kaas,6
1858,The World Is Not Enough,Garbage,10
1859,Fly by Night,Rush,6
1860,Time,O.Torvald,14
1861,Ultraviolence,Lana Del Rey,13
1862,Counting Stars,OneRepublic,22
1863,What's It Gonna Be,Beyoncé,5
1864,I Get Lonely,Janet Jackson,13
1865,Summer Wine,Nancy Sinatra,14
1866,She Wolf,David Guetta,14
1867,U Don't Know Me (Like U Used To),Brandy,5
1868,Caracola,Los TNT,5
1869,Love Don't Let Me Go,David Guetta,14
1870,Ain't a Party,David Guetta,6
1871,Good Times,Chic,11
1872,Holes (Passenger song),Passenger,5
1873,Gingham Check,AKB48,10
1874,Give Me Something,Barbara Tucker,7
1875,Send It On,Demi Lovato,14
1876,Monkey Gone to Heaven,Pixies,12
1877,Don't Waste Your Time,Kelly Clarkson,11
1878,The Reason,Hoobastank,12
1879,The Way You Are,Anti Social Media,10
1880,Secrets,OneRepublic,11
1881,Cotton Fields,The Beach Boys,9
1882,Black Parade,Beyoncé,9
1883,RBB (Really Bad Boy),Red Velvet,6
1884,The Night They Drove Old Dixie Down,The Band,14
1885,Paradise,Coldplay,22
1886,The Secret Is Love,Nadine Beiler,12
1887,You da One,Rihanna,20
1888,Passionfruit,Drake,6
1889,Unbreakable,Sinplus,14
1890,My Life,Adam Levine,9
1891,Wish,Arashi,6
1892,Desert Rain,Vika Jigulina,5
1893,Mother,Axel Hirsoux,13
1894,Don't Stop (5 Seconds of Summer song),5 Seconds of Summer,5
1895,On My Mind,Cody Simpson,6
1896,Ma Baker,Boney M.,20
1897,London Town,Wings,7
1898,Daydream Believer,The Monkees,12
1899,J'imagine,Valentina Tronel,6
1900,Zangalewa,Golden Sounds,9
1901,Major Distribution,Jeezy,6
1902,Medellín,Maluma,18
1903,Canção do Mar,Sarah Brightman,7
1904,Don’t Stop (Funkin’ 4 Jamaica),Mariah Carey,12
1905,Pure Morning,Placebo,9
1906,Get Me,Justin Bieber,6
1907,Jij bent mijn leven,Anneke Grönloh,7
1908,California,Mylène Farmer,7
1909,Don't Take Your Guns to Town,Johnny Cash,5
1910,Signs,Snoop Dogg,13
1911,Queenie Eye,Paul McCartney,6
1912,Time to Shine,Mélanie René,6
1913,Sippy Cup,Melanie Martinez,6
1914,Follow My Lead,50 Cent,7
1915,Mirrors,Justin Timberlake,20
1916,Defying Gravity,Idina Menzel,6
1917,Hello (Follow Your Own Star),Christina Aguilera,6
1918,Never Forget,Lena Katina,7
1919,Liar Liar,Cris Cab,6
1920,Your Type,Carly Rae Jepsen,5
1921,Anouschka,Inge Brück,7
1922,People Are Strange,The Doors,20
1923,Brokenhearted,Boyz II Men,7
1924,Wheel of Fortune,Ace of Base,8
1925,Niggas in Paris,Kanye West,17
1926,Birthday,Katy Perry,21
1927,The Way Life's Meant to Be,Electric Light Orchestra,5
1928,Tomorrow Comes Today,Gorillaz,6
1929,I Fought the Law,Cab Calloway,14
1930,Defying Gravity,Kerry Ellis,6
1931,Miss Movin' On,Fifth Harmony,5
1932,Prayer in C,Lilly Wood and the Prick,16
1933,Into the Blue,Kylie Minogue,12
1934,Funny Girl,Laura Rizzotto,10
1935,Turn Me On,Nicki Minaj,18
1936,Made for Now,Janet Jackson,6
1937,Higher Ground,Rasmussen,12
1938,House'llelujah,Stromae,6
1939,Harper Valley PTA,Jeannie C. Riley,6
1940,Everything Changes,Take That,6
1941,Electric Chapel,Lady Gaga,9
1942,Haba Haba,Stella Mwangi,18
1943,Send My Love (To Your New Lover),Kelsea Ballerini,16
1944,Try Everything,Shakira,15
1945,Samson,Emly Starr,5
1946,Be My Guest,Gaitana,14
1947,Niggas in Paris,Jay-Z,17
1948,Je n'ai que mon âme,Natasha St-Pier,7
1949,Bad Boys,Wham!,5
1950,When I'm Gone,Alesso,9
1951,This Is the Life,Amy Macdonald,15
1952,My Boy Lollipop,Millie Small,8
1953,Paid in Full,Sonata Arctica,8
1954,Hear My Plea,Frederik Ndoci,8
1955,Half-Breed,Cher,7
1956,Glass of Water,Coldplay,5
1957,No me acuerdo,Thalía,5
1958,Hunter,Björk,9
1959,Rainmaker (Emmelie de Forest song),Emmelie de Forest,8
1960,The Moon Song,Karen O,10
1961,A Thousand Miles,Vanessa Carlton,15
1962,Evergreen (Love Theme from A Star Is Born),Barbra Streisand,9
1963,Radar,Britney Spears,26
1964,Everything Has Changed,Taylor Swift,23
1965,Bad Boy,Red Velvet,5
1966,Dear Future Husband,Meghan Trainor,10
1967,Don't Dream It's Over,Crowded House,10
1968,I Need to Wake Up,Melissa Etheridge,8
1969,Roman Reloaded,Lil Wayne,9
1970,Instant Karma!,Yoko Ono,17
1971,You Don't Bring Me Flowers,Neil Diamond,10
1972,Off the Grid,Kanye West,5
1973,Tomorrow Can Wait,Chris Willis,6
1974,I Write Sins Not Tragedies,Panic! At The Disco,15
1975,Vision of Love,Mariah Carey,25
1976,Rest of My Life,David Guetta,7
1977,Goodbye,The Humans,8
1978,Dukkemann,Kirsti Sparboe,6
1979,Right Here (Departed),Brandy,6
1980,Yummy,Gwen Stefani,6
1981,Are We All We Are,P!nk,5
1982,The Next Episode,Snoop Dogg,17
1983,Você Partiu Meu Coração,Maluma,5
1984,Please,U2,12
1985,Grown-Up Christmas List,Amy Grant,6
1986,Sexy Bitch,David Guetta,19
1987,Flashlight,Jessie J,9
1988,Firework,Katy Perry,31
1989,Mademoiselle Juliette,Alizée,10
1990,Who Says,Selena Gomez & the Scene,13
1991,Suite: Judy Blue Eyes,"Crosby, Stills & Nash",8
1992,One Love,David Guetta,10
1993,Till the World Ends,Britney Spears,41
1994,If You Could Read My Mind,Gordon Lightfoot,5
1995,Cold Turkey,Plastic Ono Band,14
1996,Party Rock Anthem,GoonRock,23
1997,Desert Rain,Edward Maya,5
1998,Wolf & Raven,Sonata Arctica,5
1999,Shame,Robbie Williams,11
2000,Rapper's Delight,The Sugarhill Gang,17
2001,Guns for Hands,Twenty One Pilots,9
2002,Et si tu n’existais pas,Joe Dassin,9
2003,Il doit faire beau là-bas,Noëlle Cordier,5
2004,No Presents for Christmas,King Diamond,8
2005,Secret,Madonna,24
2006,A Little Party Never Killed Nobody (All We Got),Fergie,5
2007,#thatPOWER,Justin Bieber,10
2008,Goodbye Yellow Brick Road,Elton John,19
2009,Dangerous,Sebastian,6
2010,Only One,BoA,6
2011,We Are the Ones,will.i.am,5
2012,Russians,Sting,13
2013,Always,Mai Kuraki,9
2014,Bang Bang,will.i.am,5
2015,Lucky Lips,Black Jack,6
2016,Till the World Ends,Kesha,41
2017,Old School Love,Ed Sheeran,9
2018,California Gurls,Snoop Dogg,31
2019,Stop,Spice Girls,12
2020,San Franciscan Nights,The Animals,6
2021,Knock You Down,Ne-Yo,9
2022,Cry,Michael Jackson,25
2023,Millennium,Robbie Williams,14
2024,Beginner,AKB48,10
2025,Life Goes On,Tupac Shakur,5
2026,We Are the World,USA for Africa,41
2027,I Can,Blue,16
2028,Shadow on the Wall,Mike Oldfield,8
2029,Same Girl,French Montana,5
2030,Vaya con Dios,Kate Davis,8
2031,We Got Love,Jessica Mauboy,12
2032,2nd Confession,BtoB,5
2033,Pop/Stars,Madison Beer,11
2034,An Easier Affair,George Michael,5
2035,My Story,R. Kelly,6
2036,Not Today,BTS,12
2037,Everything,Alanis Morissette,6
2038,Somethin' Else,Eddie Cochran,7
2039,On My Way,Omar Naber,15
2040,Invincible,Tomas Andersson Wij,8
2041,Ms. Jackson,OutKast,11
2042,"It's Alright, It's OK",Ashley Tisdale,13
2043,Patience,Take That,8
2044,Party in the U.S.A.,Miley Cyrus,24
2045,Spring nicht,Tokio Hotel,8
2046,Shady Lady,Ani Lorak,13
2047,Night Changes,One Direction,11
2048,Some Other Guy,Richie Barrett,8
2049,Christine,Christine and the Queens,5
2050,Feuer frei!,Rammstein,19
2051,True Colors,Cyndi Lauper,16
2052,Love Will Lead You Back,Taylor Dayne,6
2053,Love Is Blind,Donny Montell,11
2054,Your Love Is My Drug,Kesha,20
2055,We Have All the Time in the World,Louis Armstrong,8
2056,Chandelier,Sia,29
2057,Addicted,Simple Plan,11
2058,Evolution,Ayumi Hamasaki,9
2059,Superstar,Lupe Fiasco,5
2060,Liar,Queen,24
2061,Vato,Snoop Dogg,6
2062,Nothing's Gonna Change My Love for You,George Benson,18
2063,Een beetje,Teddy Scholten,20
2064,Rose,Versailles,6
2065,Loser,Big Bang,9
2066,Naturally,Selena Gomez & the Scene,19
2067,Live Is Life,Opus,13
2068,Follow Me Down,3OH!3,5
2069,Thrift Shop,Macklemore & Ryan Lewis,21
2070,Just a Little More Love,David Guetta,8
2071,Two of Us,Louis Tomlinson,5
2072,I Belong to You (Il Ritmo della Passione),Eros Ramazzotti,9
2073,Best Thing I Never Had,Beyoncé,18
2074,This Is America,Donald Glover,17
2075,Woki mit deim Popo,Trackshittaz,15
2076,Make Me (Cry),Labrinth,5
2077,Nightcall,Kavinsky,8
2078,Dansevise,Grethe and Jørgen Ingmann,15
2079,The Time (Dirty Bit),Black Eyed Peas,14
2080,"Get Up, Stand Up",Bob Marley & The Wailers,11
2081,Hey Boy Hey Girl,The Chemical Brothers,8
2082,D.G.T. (Off and On),Theodor Andrei,8
2083,Runnin' (From tha Police),Buju Banton,5
2084,Hair,Lady Gaga,24
2085,A Little Party Never Killed Nobody (All We Got),Q-Tip,5
2086,I treni di Tozeur,Franco Battiato,10
2087,Made in Heaven,Freddie Mercury,18
2088,Role Model,Eminem,10
2089,I Missed Again,Phil Collins,7
2090,Defying Gravity,Kristin Chenoweth,6
2091,Motivation,Normani,9
2092,Closer,Ne-Yo,8
2093,Sun is Shining,Axwell Λ Ingrosso,7
2094,War Song,Neil Young,6
2095,The Story of Us,Taylor Swift,19
2096,Trouble,P!nk,11
2097,Major Distribution,50 Cent,6
2098,Drip Drop,Safura Alizadeh,21
2099,Vertigo,U2,13
2100,Scream,Kelis,5
2101,Four Strong Winds,Ian & Sylvia,9
2102,Am I Wrong,Nico & Vinz,11
2103,Blue Bayou,Roy Orbison,9
2104,Outside,Calvin Harris,15
2105,Breathe,Kylie Minogue,12
2106,Face to Face,Daft Punk,5
2107,Bigger Than the Whole Sky,Taylor Swift,5
2108,Liar,Vanilla Ninja,5
2109,Not Gonna Get Us,t.A.T.u.,14
2110,Jeanny,Falco,10
2111,El Perdón,Enrique Iglesias,9
2112,Lolly,Maejor,7
2113,Demons,Imagine Dragons,14
2114,"Qué Será, Será",Kikki Danielsson,23
2115,Ghost,Jamie-Lee Kriewitz,15
2116,Sing,The Carpenters,5
2117,Sing It Away,Sandhja,11
2118,Up to the Mountain,Susan Boyle,6
2119,Rockin' in the Free World,Neil Young,16
2120,Tell Me,Christina Aguilera,11
2121,Beliye Rozy,Andrei Razin,6
2122,Fearless,Taylor Swift,18
2123,Money,Chris Willis,7
2124,O.O,NMIXX,5
2125,Diamonds,Herb Alpert,6
2126,Drunk in Love,Jay-Z,12
2127,Forever,Kanye West,12
2128,Heartbeat,Can-linn,10
2129,If You Love Me (Let Me Know),Olivia Newton-John,7
2130,Higher,Creed,5
2131,Only Love Survives,Ryan Dolan,17
2132,Todo esto es la música,Serafín Zubiri,5
2133,Suicide Is Painless,Johnny Mandel,19
2134,Flesh for Fantasy,Billy Idol,5
2135,Hide Away,Daya,5
2136,Voices,Alice in Chains,5
2137,Beautiful,Kardinal Offishall,9
2138,Zero Gravity,Kate Miller-Heidke,18
2139,Love on the Brain,Rihanna,13
2140,Plug In Baby,Muse,25
2141,Get Up Sex Machine,James Brown,13
2142,Vivo per lei,Andrea Bocelli,11
2143,Market Square Heroes,Marillion,6
2144,Alive/Physical Thing,Kumi Koda,8
2145,Rosanna,Toto,13
2146,Up with the Birds,Coldplay,8
2147,The Show Must Go On,Queen,39
2148,I Can Transform Ya,Lil Wayne,8
2149,Revolution 909,Daft Punk,7
2150,I Know What You Did Last Summer,Camila Cabello,11
2151,After All,Peter Cetera,7
2152,Drunk in Love,Beyoncé,12
2153,Into the Void,Black Sabbath,9
2154,Club Can't Handle Me,Flo Rida,15
2155,Who's That Chick?,Rihanna,20
2156,That Night,Carousel,15
2157,I'm Real,Ja Rule,16
2158,What About Us?,Brandy,9
2159,Psychofreak,Willow Smith,7
2160,In My Secret Life,Leonard Cohen,6
2161,Superstar,Madonna,8
2162,Solo,Iyaz,5
2163,It's Alright,Pet Shop Boys,5
2164,El Scorcho,Weezer,6
2165,Alla andra får varann,Inger Berggren,8
2166,Due vite,Marco Mengoni,15
2167,Welcome to St. Tropez,Diddy – Dirty Money,7
2168,Since You Been Gone,Rainbow,5
2169,Let My Love Open the Door,Pete Townshend,6
2170,Strange Kind of Woman,Deep Purple,15
2171,Capital Letters,BloodPop,8
2172,End Game,Ed Sheeran,20
2173,Historyja majho žyccia,Naviband,21
2174,Cant Get There from Here,R.E.M.,6
2175,She Makes Me Go,Sean Paul,7
2176,Sweet Lovin',Sigala,10
2177,Hate You,2NE1,8
2178,Original of the Species,U2,7
2179,Lay Down Sally,Eric Clapton,8
2180,Can't Remember to Forget You,Shakira,18
2181,Vse rože sveta,Lado Leskovar,6
2182,Rain,Yui,5
2183,Apocalypse Please,Muse,14
2184,Do You Love Me (2NE1 song),2NE1,5
2185,Kedvesem,ByeAlex,18
2186,I Like It Loud,Marc Trauner,6
2187,Emo Girl,Machine Gun Kelly,6
2188,Whole Lotta Shakin' Goin' On,Jerry Lee Lewis,12
2189,Right Now,Rihanna,15
2190,Why Don't You Love Me,Beyoncé,12
2191,Do or Die,Thirty Seconds to Mars,12
2192,It's So Easy!,Linda Ronstadt,5
2193,No Promises,Cheat Codes,6
2194,Pop/Stars,K/DA,11
2195,Samo shampioni,Elitsa Todorova,15
2196,Cannonball,Lea Michele,8
2197,Blame It on the Bossa Nova,Eydie Gormé,7
2198,Suicide Is Painless,Ahmad Jamal,19
2199,Om tårar vore guld,Agnetha Fältskog,5
2200,Alter Ego,Minus One,12
2201,Stay,Kygo,7
2202,Shake Your Body,The Jackson 5,13
2203,That'll Be the Day,Wizex,15
2204,Control,Janet Jackson,12
2205,Barcelona,Freddie Mercury,27
2206,Out of Time,Chris Farlowe,10
2207,Moon Over Naples,Bert Kaempfert,8
2208,Superstition,Stevie Wonder,16
2209,Roman Reloaded,Nicki Minaj,9
2210,New Born,Muse,19
2211,Summer of '69,Bryan Adams,24
2212,The Fox (What Does the Fox Say?),Ylvis,23
2213,Steal My Girl,One Direction,12
2214,Somewhere Out There,Linda Ronstadt,5
2215,Forever,Post Malone,5
2216,Lucky Lips,Ruth Brown,6
2217,Beautiful,Akon,9
2218,Drive,R.E.M.,9
2219,The Sign,Ace of Base,18
2220,Elastic Heart,Sia,16
2221,Pride,Scandal,5
2222,Tian Mi Mi,Lu Han,7
2223,More Than This,Roxy Music,9
2224,Cry Baby,Garnet Mimms,5
2225,Three Minutes to Earth,The Shin,10
2226,Spellbound,Lacuna Coil,5
2227,Run Baby Run,Sheryl Crow,5
2228,Smoke,50 Cent,5
2229,Statements,Loreen,5
2230,False Alarm,The Weeknd,9
2231,Mickey,Racey,14
2232,I Wanna Go,Britney Spears,43
2233,Alive,Black Eyed Peas,10
2234,Encore,Eminem,12
2235,Freedom,Wham!,10
2236,Pink Triangle,Weezer,6
2237,Under the Bridge,Red Hot Chili Peppers,21
2238,Ice Cream,Blackpink,19
2239,Like This,Eve,7
2240,Woodstock,Joni Mitchell,10
2241,Birthday Cake,Rihanna,14
2242,It's Hard out Here for a Pimp,Three 6 Mafia,8
2243,Wrecking Ball,Miley Cyrus,25
2244,Lady (Hear Me Tonight),Modjo,9
2245,Your Eyes,Arashi,5
2246,Delilah,Queen,12
2247,Straight from the Heart,Bryan Adams,7
2248,Wasted,Def Leppard,5
2249,Hot n Cold,Katy Perry,32
2250,Monkey,George Michael,10
2251,I Hate Myself and Want to Die,Nirvana,12
2252,You Are the Music in Me,Olesya Rulin,7
2253,Nothing Compares 2 U,Sinéad O'Connor,23
2254,Do-Re-Mi,Fergie,12
2255,All About Us,t.A.T.u.,14
2256,Call Me Maybe,Carly Rae Jepsen,22
2257,Black Diamond,Stratovarius,6
2258,Psychofreak,Camila Cabello,7
2259,The Last Waltz,Engelbert Humperdinck,9
2260,Come as You Are,Nirvana,29
2261,Change,Hyuna,11
2262,American Oxygen,Rihanna,13
2263,After Dark,Asian Kung-Fu Generation,8
2264,Wasting My Young Years,London Grammar,5
2265,Black and White,Static-X,5
2266,Suicide Is Painless,Henry Mancini,19
2267,You,George Harrison,8
2268,Why I Love You,Ben Hudson,6
2269,Ring-dinge-ding,Thérèse Steinmetz,5
2270,Unfinished Business,White Lies,5
2271,Angel,Rayvon,7
2272,L'amour est bleu,Vicky Leandros,22
2273,Boys,N.E.R.D.,22
2274,Pseudologia Fantastica (song),Foster the People,5
2275,People Come People Go,David Guetta,8
2276,Rock Around the Clock,Bill Haley & His Comets,33
2277,Two Hearts,Phil Collins,7
2278,I Turn to You,All-4-One,13
2279,I Was Born to Love You,Freddie Mercury,20
2280,Shame,Monrose,8
2281,Blank Generation,Richard Hell,5
2282,You've Lost That Lovin' Feelin',Carola Häggkvist,15
2283,Way 2 Sexy,Future,6
2284,Gravity,Hovig Demirjian,16
2285,Pancho and Lefty,Townes Van Zandt,5
2286,Whip It,Nicki Minaj,7
2287,Good Feeling,Flo Rida,12
2288,My Love,Céline Dion,7
2289,Boku no Taiyō,AKB48,11
2290,She Makes Me Go,Arash,7
2291,Oblivion,Bastille,7
2292,LaserLight,David Guetta,7
2293,War Song,The Stray Gators,6
2294,Straight into Love,Hannah Mancini,15
2295,About You Now,Sugababes,11
2296,Diamonds,Rihanna,26
2297,Out of the Woods,Taylor Swift,26
2298,Send My Love (To Your New Lover),Adele,16
2299,Don't Forget About Us,Mariah Carey,14
2300,Suicide Is Painless,Manic Street Preachers,19
2301,Unfaithful,Rihanna,26
2302,Fire,2NE1,6
2303,Wish You Were Here,Incubus,6
2304,Hasta la Vista,Oleksandr Ponomariov,6
2305,Café del Mar,Energy 52,5
2306,Ride,Lana Del Rey,16
2307,María,Ricky Martin,9
2308,Diamonds,Lisa Keith,6
2309,Some Might Say,Oasis,13
2310,Lose Yourself,Eminem,28
2311,From the D 2 the LBC,Eminem,5
2312,The Invisible Man,Queen,24
2313,This Corrosion,The Sisters of Mercy,5
2314,I Belong to You (Il Ritmo della Passione),Anastacia,9
2315,Jenny from the Block,Styles P,20
2316,Falling Down,Lil Peep,6
2317,Froot,MARINA,10
2318,The Art of Letting Go,Mariah Carey,8
2319,Redemption Song,Bob Marley,15
2320,Beautiful Day,U2,23
2321,Wake Up,Hilary Duff,10
2322,Wonderful Life,Hurts,12
2323,Woodstock,"Crosby, Stills & Nash",10
2324,Angel of Death,Slayer,23
2325,Best of You,La Intrusa Danza: Damían Muñoz / Virginia García,15
2326,Misery,Maroon 5,16
2327,Sneakernight,Vanessa Hudgens,7
2328,Sense tu,Jennifer Serrano,7
2329,Le Chant de Mallory,Rachel,5
2330,Ain't Your Mama,Jennifer Lopez,11
2331,Another Day in Paradise,Phil Collins,24
2332,My Love,Petula Clark,5
2333,When I'm with You,Sparks,5
2334,Parisienne Walkways,Gary Moore,6
2335,Party Rock Anthem,Lauren Bennett,23
2336,Vida,Ricky Martin,6
2337,Cool Me Down,Margaret,7
2338,Work Your Magic,Dmitry Koldun,6
2339,Sea of Flags,Jessica Mauboy,5
2340,Help Yourself,Dino,5
2341,Crew Love,The Weeknd,5
2342,När jag blundar,Pernilla Karlsson,16
2343,Forever,Eminem,12
2344,Freedom,Alice Cooper,5
2345,Gone Away,The Offspring,11
2346,War Song,Graham Nash,6
2347,One Year of Love,Queen,16
2348,Looking for Paradise,Alejandro Sanz,6
2349,Middle,DJ Snake,9
2350,Summer Wine,Lee Hazlewood,14
2351,"On n'oublie jamais rien, on vit avec",Hélène Ségara,5
2352,Aku no musume,mothy,7
2353,Strong Enough,Sheryl Crow,5
2354,Follow Your Arrow,Kacey Musgraves,6
2355,Can't Wait Until Tonight,Maximilian Mutzke,7
2356,S&M,Rihanna,25
2357,The Loco-Motion,Little Eva,24
2358,Send It On,Miley Cyrus,14
2359,Oh Happy Day,Edwin Hawkins,11
2360,Color of Your Life,Michał Szpak,16
2361,Wild,Troye Sivan,11
2362,The Way We Were,Barbra Streisand,11
2363,Rapture,iiO,6
2364,Space Oddity,David Bowie,28
2365,LoveGame,Lady Gaga,41
2366,Moviestar,Harpo,5
2367,Ponytail to Shushu,AKB48,11
2368,Stay,Maty Noyes,7
2369,Marianne,Cliff Richard,5
2370,Kid Charlemagne,Steely Dan,7
2371,Too Little Too Late,JoJo,8
2372,It Takes Two,Drifters,5
2373,Alla andra får varann,Östen Warnerbring,8
2374,Hey Nineteen,Steely Dan,5
2375,Ice Queen,Within Temptation,12
2376,Have a Cigar,Roy Harper,24
2377,Frozen,Within Temptation,10
2378,Unbreakable,Westlife,10
2379,Riders on the Storm,The Doors,26
2380,Alejandro,Lady Gaga,40
2381,Martyr,Depeche Mode,15
2382,That'll Be the Day,The Crickets,15
2383,Dry County,Bon Jovi,9
2384,H•A•M,Kanye West,12
2385,Express Yourself,Madonna,25
2386,Women,Def Leppard,10
2387,Run to You,Bryan Adams,13
2388,We Belong Together,Mariah Carey,21
2389,Send It On,Selena Gomez,14
2390,This Love,The Veronicas,7
2391,Magic,The Cars,8
2392,Heavy Fuel,Dire Straits,5
2393,Unwritten,Natasha Bedingfield,9
2394,Dangerous,Timbaland,6
2395,Lost in Japan,Shawn Mendes,8
2396,Say My Name,J Balvin,10
2397,H•A•M,Jay-Z,12
2398,Gold,Spandau Ballet,7
2399,We Gotta Get out of This Place,The Animals,7
2400,Heartbreak Down,P!nk,5
2401,Summertime Sadness,Lana Del Rey,22
2402,It's All Tears (Drown in This Love),HIM,5
2403,National Anthem,Lana Del Rey,17
2404,Sudden Death,Megadeth,8
2405,Please Forgive Me,Bryan Adams,15
2406,"Eh, Eh (Nothing Else I Can Say)",Lady Gaga,39
2407,When the Heartache Is Over,Tina Turner,8
2408,Reach for the Sky,Mai Kuraki,6
2409,Friends,The Beach Boys,6
2410,Can We Go Back,Kelly Clarkson,8
2411,"Hey, Soul Sister",Train,12
2412,You're My Best Friend,Queen,35
2413,Caribbean Queen,Billy Ocean,6
2414,Mama ŠČ!,Let 3,15
2415,Walking to New Orleans,Fats Domino,5
2416,A Matter of Time,Laura Groeseneken,11
2417,Hallelujah,Paramore,13
2418,Golden,Sia,6
2419,Say OK,Vanessa Hudgens,9
2420,Butterfly Fly Away,Miley Cyrus,9
2421,I Shot the Sheriff,Bob Marley & The Wailers,16
2422,Hit 'Em Up,Outlawz,18
2423,Parler tout bas,Alizée,10
2424,Nobody,Wonder Girls,9
2425,Pour toi Arménie,Gilbert Bécaud,6
2426,Dime,Beth,7
2427,Calling Elvis,Dire Straits,9
2428,Cliche (Hush Hush),Alexandra Stan,6
2429,Medellín,Madonna,18
2430,Emergency,Paramore,11
2431,Black Magic Woman,Fleetwood Mac,14
2432,Le temps perdu,Mathé Altéry,12
2433,My Prerogative,Britney Spears,23
2434,Unholy,Kiss,8
2435,Echo (You and I),Anggun,18
2436,Naatu Naatu,Chandrabose,16
2437,Heartbeat,Carrie Underwood,6
2438,Trust,Megadeth,9
2439,Drain You,Nirvana,15
2440,Crush,David Archuleta,6
2441,Stay with Me Tonight,TVXQ,8
2442,Twisting by the Pool,Dire Straits,6
2443,How Ya Doin'?,Missy Elliott,7
2444,Victorious,Panic! At The Disco,5
2445,On a Plain,Nirvana,14
2446,Samo shampioni,Stoyan Yankoulov,15
2447,Goodbye,Kristinia DeBarge,5
2448,Runaway,The Corrs,11
2449,Have You Ever?,Brandy,8
2450,Skinny Love,Bon Iver,10
2451,Love Don't Let Me Go,Chris Willis,14
2452,Un-Break My Heart,Toni Braxton,20
2453,Scream,Usher,8
2454,Bitches,Tove Lo,5
2455,De troubadour,Lenny Kuhr,15
2456,Flash,Queen,18
2457,Diamonds,Normani,7
2458,Dope,Lady Gaga,20
2459,Le vent nous portera,Noir Désir,7
2460,A Million Light Years Away,Stratovarius,5
2461,All Night,Girls' Generation,6
2462,Haven't Met You Yet,Michael Bublé,5
2463,Higher Love,Whitney Houston,9
2464,I Wanna Be Loved by You,Helen Kane,10
2465,Fireball,Deep Purple,10
2466,Gloria,Yui,5
2467,Line,Triana Park,13
2468,Runnin' (From tha Police),Outlawz,5
2469,She Doesn't Mind,Sean Paul,7
2470,I Fought the Law,The Crickets,14
2471,Swag It Out,Zendaya,7
2472,Jillian (I'd Give My Heart),Within Temptation,5
2473,No Church in the Wild,The-Dream,8
2474,Decode,Paramore,14
2475,X-Kid,Green Day,7
2476,Empire,Kasabian,5
2477,Better Than You,Conor Maynard,5
2478,Everyday,Bon Jovi,9
2479,Burnin',Daft Punk,8
2480,Can We Go Back,Kumi Koda,8
2481,Elastic Heart,Diplo,16
2482,Laat me nu gaan,Linda Lepomme,5
2483,Elastic Heart,The Weeknd,16
2484,A Celebration,U2,11
2485,Peacock,Katy Perry,16
2486,Mull of Kintyre,Wings,14
2487,I Still Miss Someone,Dolly Parton,6
2488,Perfume,Britney Spears,21
2489,The Baddest,Bea Miller,6
2490,Like a Prayer,Madonna,28
2491,Man gewöhnt sich so schnell an das Schöne,Nora Nova,6
2492,Believe,The Chemical Brothers,6
2493,True Love,Lotta & Anders Engbergs orkester,13
2494,Californication,Red Hot Chili Peppers,17
2495,Sweet Sixteen,Billy Idol,6
2496,Off to the Races,Lana Del Rey,10
2497,I Never Loved a Man (The Way I Love You),Aretha Franklin,6
2498,Baby,Clean Bandit,9
2499,Smile,Tupac Shakur,5
2500,Believe,Elton John,5
2501,Maybe I'm Amazed,Paul McCartney,15
2502,Inje,Vanja Radovanović,6
2503,Oblivion,Grimes,5
2504,Love Somebody,Maroon 5,17
2505,A Warrior's Call,Volbeat,5
2506,Children of the Grave,Black Sabbath,15
2507,Patria y Vida,Gente de Zona,6
2508,The Girls,Calvin Harris,6
2509,Congratulations,Cliff Richard,14
2510,Telephone,Lady Gaga,43
2511,Say It Right,Nelly Furtado,21
2512,"Eat, Sleep, Rave, Repeat",Fatboy Slim,5
2513,Diamonds,Janet Jackson,6
2514,Somethin' Bad,Miranda Lambert,6
2515,Welcome to St. Tropez,DJ Antoine,7
2516,Beliye Rozy,Yuri Shatunov,6
2517,Blue Bayou,Linda Ronstadt,9
2518,I Don't Give a Fuck,Tupac Shakur,6
2519,Chocolate,Snow Patrol,7
2520,Stand Up,Ludacris,7
2521,À contre-courant,Alizée,9
2522,Alors on danse,Stromae,18
2523,Memories,Weezer,6
2524,Ain't It Fun,Paramore,10
2525,Bely Plaschtschik,t.A.T.u.,9
2526,Fortress Around Your Heart,Sting,7
2527,Ashes to Ashes,David Bowie,14
2528,Pressure,Billy Joel,5
2529,Rhinestone Eyes,Gorillaz,7
2530,N.I.B.,Black Sabbath,8
2531,My Love,Route 94,7
2532,Lollipop,Big Bang,12
2533,Nessun grado di separazione,Francesca Michielin,12
2534,Gimme More,Britney Spears,29
2535,Naatu Naatu,Kaala Bhairava,16
2536,Best Day of My Life,American Authors,8
2537,Capri c'est fini,Hervé Vilard,5
2538,Ljubav je svuda,Moje 3,17
2539,Worth It,Kid Ink,11
2540,Balada,Gusttavo Lima,8
2541,One Love,The Prodigy,9
2542,Love Me Tender,Elvis Presley,23
2543,Eyes Shut,Years & Years,5
2544,L'enfer et moi,Amandine Bourgeois,15
2545,Laiskotellen,Lasse Mårtenson,6
2546,Golden Skans,Klaxons,6
2547,Da Doo Ron Ron,The Crystals,10
2548,Cheesecake,Teo,11
2549,Angels,Susan Boyle,16
2550,Radio,The Corrs,8
2551,Automatic,Prince,5
2552,Heroes and Villains,The Beach Boys,11
2553,Pain Is So Close to Pleasure,Queen,19
2554,Tonight,Jonas Brothers,6
2555,The Show,Girls Aloud,7
2556,Super Hero,VIXX,5
2557,Lucky,Jason Mraz,12
2558,Shout,Tears for Fears,12
2559,Weekends,Esthero,10
2560,Next to Me,Idina Menzel,8
2561,The Ballroom Blitz,The Sweet,11
2562,You Raise Me Up,Susan Boyle,19
2563,Non andare più lontano,Claudio Villa,6
2564,Mr. Soul,Neil Young,7
2565,Photograph,Ringo Starr,12
2566,Influencer,Nogizaka46,6
2567,Worth It,Fifth Harmony,11
2568,Dance Monkey,Tones and I,23
2569,Just My Imagination (Running Away with Me),Ferrante & Teicher,7
2570,Cross Road Blues,Robert Johnson,14
2571,Thinking Out Loud,Ed Sheeran,25
2572,Encore,50 Cent,12
2573,Ghost,Ella Henderson,14
2574,Instruction,Jax Jones,10
2575,O mie,Aliona Moon,18
2576,Girls,Tyga,6
2577,Crush,Jennifer Paige,7
2578,Not Afraid Anymore,Halsey,5
2579,Dangerous,M. Pokora,6
2580,Up to the Mountain,Patty Griffin,6
2581,Remember I Told You,Mike Posner,5
2582,Falling Down,XXXTentacion,6
2583,I Feel for You,Chaka Khan,8
2584,Fade to Black,Metallica,24
2585,Three Minutes to Earth,Mariko Ebralidze,10
2586,I Don't Wanna Live Forever,Taylor Swift,17
2587,Memories,David Guetta,15
2588,Rapture,Blondie,7
2589,To the Sky,Tijana Todevska-Dapčević,15
2590,Breaking News,Michael Jackson,13
2591,Forever,Justin Bieber,5
2592,Lucky,Colbie Caillat,12
2593,All I Ask of You,Susan Boyle,6
2594,Jailbreak,Thin Lizzy,8
2595,Pretty Tied Up,Guns N’ Roses,6
2596,Amanda,Boston,9
2597,Baby,Aya Nakamura,5
2598,Woman,Peter and Gordon,5
2599,Desperado,Rihanna,5
2600,Lunar,Afrojack,7
2601,Brooklyn Baby,Lana Del Rey,13
2602,The Baddest Female,CL,8
2603,What If,Dinä Ğäripevä,20
2604,Blackbird,Norma John,16
2605,Moon over Bourbon Street,Sting,8
2606,Échame la culpa,Luis Fonsi,12
2607,City Lights,Blanche,19
2608,Dark Horse,Juicy J,26
2609,I miei pensieri,Anita Traversi,5
2610,Oneiro Mou,Gianna Terzi,8
2611,Tire Me,Rage Against the Machine,7
2612,Numb,U2,11
2613,Who's Laughing Now,Jessie J,10
2614,'Cuz I Can,P!nk,7
2615,Delicate,Taylor Swift,20
2616,Do the Bartman,Nancy Cartwright,16
2617,Long Live Love,Olivia Newton-John,11
2618,The Pleasure Principle,Janet Jackson,12
2619,Laugh Now Cry Later,Drake,5
2620,Celluloid Heroes,The Kinks,7
2621,Live (for the One I Love),Céline Dion,6
2622,Cold Hearted,Paula Abdul,10
2623,Gettin' Over You,David Guetta,17
2624,Don't Worry 'Bout It,50 Cent,6
2625,What Is Love,Haddaway,18
2626,Stronger,Kanye West,14
2627,Je veux,Zaz,9
2628,Just for One Day,David Bowie,9
2629,Silence Is Golden,The Four Seasons,7
2630,Quédate conmigo,Pastora Soler,15
2631,Endless Summer,Oceana,17
2632,Promised Land,Chuck Berry,5
2633,Someday,Mariah Carey,21
2634,House of Gold,Twenty One Pilots,8
2635,A Groovy Kind of Love,Marcy Playground,9
2636,"Hey Hey, My My (Into the Black)",Crazy Horse,14
2637,Falling Stars,Lidia Isac,10
2638,I Wanna Be Loved by You,Marilyn Monroe,10
2639,Queen of Kings,Alessandra Mele,13
2640,Bad Girls,Donna Summer,8
2641,Let the Good Times Roll,Louis Jordan,7
2642,Don't Let Me Be Misunderstood,Nina Simone,17
2643,Wild West Hero,Electric Light Orchestra,6
2644,I Want It All,Queen,34
2645,HaSheket SheNish'ar,Shiri Maimon,8
2646,Burn,Nine Inch Nails,9
2647,Never Let It Go,Afro-dite,7
2648,Telephone,Beyoncé,43
2649,Baby,Justin Bieber,30
2650,God's Gonna Cut You Down,anonymous,10
2651,Fancy,Charli XCX,16
2652,Stand By,Senhit,13
2653,Commander,Kelly Rowland,12
2654,J'ai cherché,Amir,16
2655,My Michelle,Guns N’ Roses,7
2656,Ode to Billie Joe,Bobbie Gentry,9
2657,Keyword / Maze,TVXQ,5
2658,You Raise Me Up,Secret Garden,19
2659,Forgot About Dre,Hittman,15
2660,Tell Me,Sean Combs,11
2661,Unusual You,Britney Spears,9
2662,Young Boy,Paul McCartney,8
2663,Chalk Outline,Three Days Grace,5
2664,Why,Michael Jackson,12
2665,You Really Got Me,The Kinks,17
2666,Gettin' Over You,LMFAO,17
2667,Physical,Olivia Newton-John,10
2668,Grace Kelly,Mika,12
2669,Flashback,Calvin Harris,5
2670,Born to Die,Lana Del Rey,18
2671,Change,Sugababes,7
2672,I Know You Want Me (Calle Ocho),Pitbull,12
2673,Who You Love,John Mayer,12
2674,Play,Jüri Pootsmann,14
2675,Heaven for Everyone,Queen,24
2676,Touch My Body,Mariah Carey,19
2677,End Game,Taylor Swift,20
2678,Hero,Enrique Iglesias,13
2679,Air Balloon,Lily Allen,5
2680,Mirrors,Teddy Sinclair,9
2681,Turn Me On,Ballet David Campos,18
2682,Black Velvet,Alannah Myles,11
2683,Princes of the Universe,Queen,20
2684,I Ran (So Far Away),A Flock of Seagulls,13
2685,My Prerogative,Bobby Brown,23
2686,Livin' Thing,Electric Light Orchestra,8
2687,Holiday (Girls' Generation song),Girls' Generation,5
2688,Outside,Ellie Goulding,15
2689,Suga Mama,Beyoncé,9
2690,Invincible,Carola Häggkvist,8
2691,Just for One Day,David Guetta,9
2692,Ugly Heart,G.R.L.,5
2693,Poppin',Chris Brown,7
2694,Man Down,Rihanna,19
2695,Radio,Robbie Williams,10
2696,The One That Got Away,B.o.B,25
2697,Little Bad Girl,Ludacris,9
2698,Quero ser tua,Suzy,10
2699,You Are Not Alone,Michael Jackson,36
2700,C'Mon People,Paul McCartney,6
2701,Fifteen,Taylor Swift,21
2702,Dare (La La La),Shakira,16
2703,Ego,Willy William,5
2704,Kaze wa Fuiteiru,AKB48,12
2705,Hurricane,Bob Dylan,17
2706,Someone to Call My Lover,Janet Jackson,11
2707,See You in My Nightmares,Kanye West,5
2708,Little Apple,Chopstick Brothers,15
2709,Lips Are Movin,Meghan Trainor,13
2710,Freedom! '90,George Michael,16
2711,L'Alizé,Alizée,10
2712,Ue kara Mariko,AKB48,11
2713,Middle,Bipolar Sunshine,9
2714,Fool in the Rain,Led Zeppelin,10
2715,You've Lost That Lovin' Feelin',The Righteous Brothers,15
2716,Qami,Sevak Khanagyan,13
2717,Never Let Me Down Again,Depeche Mode,17
2718,Beautiful,Eminem,14
2719,Bounce,Kelis,7
2720,Runnin' (Dying to Live),The Notorious B.I.G.,9
2721,Cool Kids,Echosmith,10
2722,Heel de wereld,Corry Brokken,12
2723,All the Things She Said,t.A.T.u.,17
2724,Red,Hyuna,5
2725,New Age,Marlon Roudette,5
2726,Without You,David Guetta,14
2727,Without You,Re-union,5
2728,Must be now,NMB48,5
2729,Burn,Deep Purple,13
2730,Aerodynamic,Daft Punk,9
2731,Heartache Tonight,Eagles,10
2732,The Good Life,Weezer,6
2733,Higher Love,Steve Winwood,9
2734,Ritual,Jonas Blue,11
2735,#thatPOWER,will.i.am,10
2736,Trouble,Donald Glover,7
2737,Call on Me,Steve Winwood,13
2738,It's Not Unusual,Tom Jones,13
2739,Crazy,Patsy Cline,12
2740,Autumn Leaves,Daniel Kajmakoski,11
2741,Hollaback Girl,Gwen Stefani,22
2742,Un Monde parfait,Ilona Mitrecey,5
2743,ME!,Taylor Swift,22
2744,Forever,Clever,5
2745,That's the Way My Heart Goes,Marie Serneholt,5
2746,Black Widow,Rita Ora,16
2747,Miss You,Louis Tomlinson,7
2748,Here I Come,will.i.am,7
2749,Call Me,Blondie,17
2750,Christmas in My Heart,Sarah Connor,6
2751,Pour toi Arménie,Charles Aznavour,6
2752,Nightcall,Lovefoxxx,8
2753,American Ghost Dance,Red Hot Chili Peppers,8
2754,Breathe,The Prodigy,14
2755,Koi,Gen Hoshino,8
2756,Konna ni Suki ni Natchatte Ii no?,Hinatazaka46,5
2757,Runaway,Linkin Park,9
2758,Lucky Lips,Cliff Richard,6
2759,My Life,Billy Joel,10
2760,SOS,Avicii,13
2761,Diamonds,Megan Thee Stallion,7
2762,Pon de Replay,Rihanna,28
2763,Calma,Alicia Keys,7
2764,L'amour n'est rien...,Mylène Farmer,5
2765,Never Let You Go,Dima Bilan,8
2766,Just a Little More Love,Chris Willis,8
2767,Cream,Prince,10
2768,In Love with Myself,JD Davis,7
2769,Moscow Mule (song),Bad Bunny,5
2770,Don't Let It Break Your Heart,Louis Tomlinson,5
2771,I See the Light,Zachary Levi,8
2772,Flower Shower,Hyuna,6
2773,Rock Brigade,Def Leppard,5
2774,In the Dark,Dev,10
2775,By the Way,Red Hot Chili Peppers,17
2776,Dollhouse,Melanie Martinez,10
2777,I Don't Wanna Cry,Mariah Carey,18
2778,Gravity,John Mayer,8
2779,Abdel Kader,Khaled,5
2780,'Till I Collapse,Nate Dogg,10
2781,Crackerbox Palace,George Harrison,8
2782,Forever Your Girl,Paula Abdul,9
2783,Feels Like We Only Go Backwards,Tame Impala,5
2784,"I'm Not a Girl, Not Yet a Woman",Britney Spears,24
2785,Supersonic,Oasis,16
2786,Tulips from Amsterdam,Jean Walter,7
2787,Red Lights,Tiësto,6
2788,Omen,The Prodigy,9
2789,Avalon,Roxy Music,8
2790,Without You,Mötley Crüe,5
2791,Sweet Soul Music,Arthur Conley,5
2792,Little Bad Girl,Taio Cruz,9
2793,Forgot About Dre,Eminem,15
2794,Wolves,Kanye West,5
2795,Baby When the Light,David Guetta,6
2796,Take What You Want,Travis Scott,8
2797,Another You,Armin van Buuren,5
2798,All the Lovers,Kylie Minogue,26
2799,Never Too Far/Hero Medley,Mariah Carey,9
2800,Youth,Troye Sivan,12
2801,Der k. u. k. Kalypso,Ferry Graf,8
2802,The Lazy Song,Bruno Mars,21
2803,Everyday,Phil Collins,5
2804,Love Me,Future,6
2805,Behind the Mask,Yellow Magic Orchestra,8
2806,Silent Night,Bon Jovi,6
2807,A cause de l'automne,Alizée,6
2808,One for the Road (song),Arctic Monkeys,11
2809,I Was Here,Beyoncé,7
2810,Você Partiu Meu Coração,MC Nego do Borel,5
2811,Don't Lose My Number,Phil Collins,9
2812,Sweet Disposition,The Temper Trap,5
